policy,profile,steps,total_reward,tasks_completed,total_tasks,orders_completed,orders_on_time,num_orders,human_tasks,ai_tasks,role_switches,parallel_steps,idle_steps,conflict_count,wait_actions,reassignments,completion_time,max_steps,solved,ces
ppo,average,30,131.09653830925734,12,12,2,2,2,4,8,7,15,5,0,18,0,30.0,70,True,0.7392857142857143
ppo,average,26,117.4342407152362,12,12,2,2,2,5,7,9,14,3,0,14,0,26.0,70,True,0.7564835164835164
ppo,average,26,131.3568264758262,12,12,2,2,2,5,7,7,12,2,0,14,0,26.0,70,True,0.7449450549450549
ppo,average,27,126.48216219852277,12,12,2,2,2,5,7,7,14,2,0,15,0,27.0,70,True,0.7506349206349205
ppo,average,26,118.77805883881956,12,12,2,2,2,5,7,9,14,2,0,14,0,26.0,70,True,0.7564835164835164
ppo,average,27,132.84553713210198,12,12,2,2,2,5,7,7,12,3,0,15,0,27.0,70,True,0.7395238095238095
ppo,average,27,128.4390118913413,12,12,2,2,2,5,7,7,13,2,0,15,0,27.0,70,True,0.745079365079365
ppo,average,32,108.02046406862735,12,12,2,1,2,3,9,5,15,4,0,20,0,32.0,70,True,0.6288839285714286
ppo,average,26,130.96773723108834,12,12,2,2,2,5,7,7,14,2,0,14,0,26.0,70,True,0.7564835164835164
ppo,average,28,120.26827279593695,12,12,2,2,2,5,7,9,15,4,0,16,0,28.0,70,True,0.7503571428571427
ppo,average,26,137.4357194296049,12,12,2,2,2,5,7,7,14,3,0,14,0,26.0,70,True,0.7564835164835164
ppo,average,26,126.49477872261416,12,12,2,2,2,5,7,7,13,2,0,14,0,26.0,70,True,0.7507142857142857
ppo,average,26,129.5853296629067,12,12,2,2,2,5,7,7,11,2,0,14,0,26.0,70,True,0.7391758241758242
ppo,average,26,125.8062250059364,12,12,2,2,2,5,7,7,13,3,0,14,0,26.0,70,True,0.7507142857142857
ppo,average,26,137.5186737965673,12,12,2,2,2,5,7,7,13,3,0,14,0,26.0,70,True,0.7507142857142857
ppo,average,26,133.2539671748023,12,12,2,2,2,5,7,7,11,2,0,14,0,26.0,70,True,0.7391758241758242
ppo,average,26,125.42108711966463,12,12,2,2,2,5,7,7,11,4,0,14,0,26.0,70,True,0.7391758241758242
ppo,average,26,142.78258025137467,12,12,2,2,2,5,7,7,13,2,0,14,0,26.0,70,True,0.7507142857142857
ppo,average,26,134.9035674151702,12,12,2,2,2,5,7,7,12,2,0,14,0,26.0,70,True,0.7449450549450549
ppo,average,27,128.36606739431366,12,12,2,2,2,5,7,9,15,3,0,15,0,27.0,70,True,0.7561904761904763
ppo,average,27,119.9098889534963,12,12,2,2,2,5,7,9,14,3,0,15,0,27.0,70,True,0.7506349206349205
ppo,average,30,130.8570366138253,12,12,2,2,2,5,7,8,13,3,0,18,0,30.0,70,True,0.7292857142857143
ppo,average,27,137.9916991333721,12,12,2,2,2,5,7,9,14,4,0,15,0,27.0,70,True,0.7506349206349205
ppo,average,27,143.20801098004864,12,12,2,2,2,5,7,9,14,3,0,15,0,27.0,70,True,0.7506349206349205
ppo,average,26,123.33863398673986,12,12,2,2,2,5,7,7,11,2,0,14,0,26.0,70,True,0.7391758241758242
ppo,average,27,126.41843909596498,12,12,2,2,2,5,7,7,13,3,0,15,0,27.0,70,True,0.745079365079365
ppo,average,27,126.0949984113321,12,12,2,2,2,5,7,7,13,4,0,15,0,27.0,70,True,0.745079365079365
ppo,average,30,132.63692327231678,12,12,2,2,2,4,8,7,16,4,0,18,0,30.0,70,True,0.7442857142857142
ppo,average,27,131.1412576951349,12,12,2,2,2,5,7,7,14,3,0,15,0,27.0,70,True,0.7506349206349205
ppo,average,28,128.19412253601013,12,12,2,2,2,5,7,9,15,4,0,16,0,28.0,70,True,0.7503571428571427
ppo,average,26,126.38809963111484,12,12,2,2,2,5,7,7,11,3,0,14,0,26.0,70,True,0.7391758241758242
ppo,average,27,139.86231837618686,12,12,2,2,2,5,7,7,13,2,0,15,0,27.0,70,True,0.745079365079365
ppo,average,29,133.91891324165215,12,12,2,2,2,5,7,9,15,4,0,17,0,29.0,70,True,0.7447290640394089
ppo,average,27,142.15854806710888,12,12,2,2,2,5,7,7,13,4,0,15,0,27.0,70,True,0.745079365079365
ppo,average,31,118.2988941207052,12,12,2,2,2,4,8,7,15,3,0,19,0,31.0,70,True,0.7340092165898617
ppo,average,29,132.83248244498057,12,12,2,2,2,5,7,8,14,3,0,17,0,29.0,70,True,0.7395566502463053
ppo,average,27,134.521694935414,12,12,2,2,2,5,7,7,13,3,0,15,0,27.0,70,True,0.745079365079365
ppo,average,29,129.10943371063868,12,12,2,2,2,5,7,8,14,2,0,17,0,29.0,70,True,0.7395566502463053
ppo,average,26,121.15599037083376,12,12,2,2,2,5,7,7,11,2,0,14,0,26.0,70,True,0.7391758241758242
ppo,average,26,130.23224819109743,12,12,2,2,2,5,7,7,12,2,0,14,0,26.0,70,True,0.7449450549450549
ppo,average,26,137.17502040463825,12,12,2,2,2,5,7,7,11,2,0,14,0,26.0,70,True,0.7391758241758242
ppo,average,26,134.74766521370225,12,12,2,2,2,5,7,7,14,3,0,14,0,26.0,70,True,0.7564835164835164
ppo,average,27,129.4313971389156,12,12,2,2,2,5,7,9,15,4,0,15,0,27.0,70,True,0.7561904761904763
ppo,average,27,121.46446378722388,12,12,2,2,2,5,7,9,13,4,0,15,0,27.0,70,True,0.745079365079365
ppo,average,26,127.92844217225023,12,12,2,2,2,5,7,7,12,2,0,14,0,26.0,70,True,0.7449450549450549
ppo,average,27,130.40900522483932,12,12,2,2,2,5,7,7,13,2,0,15,0,27.0,70,True,0.745079365079365
ppo,average,27,137.5522230022798,12,12,2,2,2,5,7,7,13,2,0,15,0,27.0,70,True,0.745079365079365
ppo,average,26,125.74808944460496,12,12,2,2,2,5,7,7,12,2,0,14,0,26.0,70,True,0.7449450549450549
ppo,average,27,131.51956045277777,12,12,2,2,2,5,7,9,15,3,0,15,0,27.0,70,True,0.7561904761904763
ppo,average,28,135.7355253970908,12,12,2,2,2,5,7,9,15,3,0,16,0,28.0,70,True,0.7503571428571427
ppo,fast,26,130.57653830925733,12,12,2,2,2,5,7,7,12,3,0,14,0,26.0,70,True,0.7449450549450549
ppo,fast,25,114.85424071523617,12,12,2,2,2,6,6,7,9,5,0,13,0,25.0,70,True,0.7325714285714287
ppo,fast,26,129.65682647582622,12,12,2,2,2,6,6,9,10,5,0,14,0,26.0,70,True,0.7334065934065934
ppo,fast,26,123.20216219852276,12,12,2,2,2,6,6,9,8,5,0,14,0,26.0,70,True,0.7218681318681319
ppo,fast,26,115.17805883881955,12,12,2,2,2,6,6,7,8,6,0,14,0,26.0,70,True,0.7218681318681319
ppo,fast,27,130.945537132102,12,12,2,2,2,6,6,7,8,4,0,15,0,27.0,70,True,0.7173015873015873
ppo,fast,27,125.83901189134129,12,12,2,2,2,6,6,9,8,4,0,15,0,27.0,70,True,0.7173015873015873
ppo,fast,26,135.62254172954562,12,12,2,2,2,5,7,7,10,4,0,14,0,26.0,70,True,0.7334065934065934
ppo,fast,26,128.36773723108834,12,12,2,2,2,6,6,7,9,4,0,14,0,26.0,70,True,0.7276373626373627
ppo,fast,26,116.00827279593693,12,12,2,2,2,6,6,9,5,5,0,14,0,26.0,70,True,0.7045604395604395
ppo,fast,26,135.13571942960488,12,12,2,2,2,6,6,9,9,4,0,14,0,26.0,70,True,0.7276373626373627
ppo,fast,26,122.89477872261416,12,12,2,2,2,6,6,9,7,6,0,14,0,26.0,70,True,0.7160989010989012
ppo,fast,26,127.08532966290669,12,12,2,2,2,6,6,9,7,5,0,14,0,26.0,70,True,0.7160989010989012
ppo,fast,26,123.3062250059364,12,12,2,2,2,6,6,9,9,6,0,14,0,26.0,70,True,0.7276373626373627
ppo,fast,26,134.91867379656728,12,12,2,2,2,6,6,9,8,5,0,14,0,26.0,70,True,0.7218681318681319
ppo,fast,26,131.4539671748023,12,12,2,2,2,6,6,9,8,4,0,14,0,26.0,70,True,0.7218681318681319
ppo,fast,26,124.62108711966462,12,12,2,2,2,5,7,7,9,4,0,14,0,26.0,70,True,0.7276373626373627
ppo,fast,27,140.56258025137467,12,12,2,2,2,6,6,7,9,4,0,15,0,27.0,70,True,0.7228571428571429
ppo,fast,26,131.60356741517018,12,12,2,2,2,6,6,9,6,5,0,14,0,26.0,70,True,0.7103296703296704
ppo,fast,26,124.58606739431366,12,12,2,2,2,6,6,9,7,5,0,14,0,26.0,70,True,0.7160989010989012
ppo,fast,26,116.92988895349629,12,12,2,2,2,6,6,9,8,5,0,14,0,26.0,70,True,0.7218681318681319
ppo,fast,26,129.43703661382528,12,12,2,2,2,5,7,7,10,4,0,14,0,26.0,70,True,0.7334065934065934
ppo,fast,26,135.3116991333721,12,12,2,2,2,6,6,9,8,5,0,14,0,26.0,70,True,0.7218681318681319
ppo,fast,26,140.22801098004862,12,12,2,2,2,6,6,7,8,5,0,14,0,26.0,70,True,0.7218681318681319
ppo,fast,26,120.93863398673986,12,12,2,2,2,6,6,9,8,6,0,14,0,26.0,70,True,0.7218681318681319
ppo,fast,26,123.83843909596497,12,12,2,2,2,6,6,7,8,5,0,14,0,26.0,70,True,0.7218681318681319
ppo,fast,26,123.5149984113321,12,12,2,2,2,6,6,9,8,6,0,14,0,26.0,70,True,0.7218681318681319
ppo,fast,26,130.31692327231676,12,12,2,2,2,5,7,7,10,4,0,14,0,26.0,70,True,0.7334065934065934
ppo,fast,26,127.8612576951349,12,12,2,2,2,6,6,9,8,6,0,14,0,26.0,70,True,0.7218681318681319
ppo,fast,26,126.23412253601012,12,12,2,2,2,5,7,7,10,4,0,14,0,26.0,70,True,0.7334065934065934
ppo,fast,26,124.58809963111483,12,12,2,2,2,6,6,7,8,5,0,14,0,26.0,70,True,0.7218681318681319
ppo,fast,26,136.68231837618686,12,12,2,2,2,6,6,9,8,6,0,14,0,26.0,70,True,0.7218681318681319
ppo,fast,26,131.97891324165215,12,12,2,2,2,5,7,7,10,4,0,14,0,26.0,70,True,0.7334065934065934
ppo,fast,26,140.5785480671089,12,12,2,2,2,5,7,7,9,4,0,14,0,26.0,70,True,0.7276373626373627
ppo,fast,26,115.3988941207052,12,12,2,2,2,6,6,9,9,5,0,14,0,26.0,70,True,0.7276373626373627
ppo,fast,26,129.59248244498053,12,12,2,2,2,6,6,9,8,6,0,14,0,26.0,70,True,0.7218681318681319
ppo,fast,26,132.34169493541398,12,12,2,2,2,6,6,7,9,5,0,14,0,26.0,70,True,0.7276373626373627
ppo,fast,26,127.66943371063869,12,12,2,2,2,5,7,7,11,3,0,14,0,26.0,70,True,0.7391758241758242
ppo,fast,26,119.05599037083374,12,12,2,2,2,6,6,9,8,5,0,14,0,26.0,70,True,0.7218681318681319
ppo,fast,26,127.43224819109744,12,12,2,2,2,6,6,9,8,6,0,14,0,26.0,70,True,0.7218681318681319
ppo,fast,26,134.37502040463826,12,12,2,2,2,6,6,9,7,6,0,14,0,26.0,70,True,0.7160989010989012
ppo,fast,26,131.74766521370225,12,12,2,2,2,6,6,9,8,5,0,14,0,26.0,70,True,0.7218681318681319
ppo,fast,26,126.35139713891559,12,12,2,2,2,6,6,9,8,5,0,14,0,26.0,70,True,0.7218681318681319
ppo,fast,26,120.28446378722386,12,12,2,2,2,5,7,7,10,4,0,14,0,26.0,70,True,0.7334065934065934
ppo,fast,26,125.82844217225022,12,12,2,2,2,6,6,9,9,5,0,14,0,26.0,70,True,0.7276373626373627
ppo,fast,26,127.52900522483931,12,12,2,2,2,6,6,9,8,5,0,14,0,26.0,70,True,0.7218681318681319
ppo,fast,26,135.4722230022798,12,12,2,2,2,6,6,7,10,5,0,14,0,26.0,70,True,0.7334065934065934
ppo,fast,27,123.62808944460497,12,12,2,2,2,6,6,9,9,5,0,15,0,27.0,70,True,0.7228571428571429
ppo,fast,26,129.93956045277776,12,12,2,2,2,5,7,7,11,3,0,14,0,26.0,70,True,0.7391758241758242
ppo,fast,26,132.37552539709083,12,12,2,2,2,6,6,9,8,5,0,14,0,26.0,70,True,0.7218681318681319
ppo,slow,40,105.31045854074844,12,12,2,1,2,2,10,3,17,4,0,28,0,40.0,70,True,0.5994642857142857
ppo,slow,31,118.13424071523619,12,12,2,2,2,3,9,5,16,3,0,19,0,31.0,70,True,0.7388479262672811
ppo,slow,33,132.6168264758262,12,12,2,2,2,2,10,3,17,4,0,21,0,33.0,70,True,0.7329870129870129
ppo,slow,40,126.82216219852275,12,12,2,2,2,2,10,3,17,4,0,28,0,40.0,70,True,0.6994642857142856
ppo,slow,33,119.23805883881957,12,12,2,2,2,3,9,5,17,4,0,21,0,33.0,70,True,0.7329870129870129
ppo,slow,32,102.51209481997344,12,12,2,1,2,3,9,5,16,3,0,20,0,32.0,70,True,0.6335714285714286
ppo,slow,34,103.68530079054683,12,12,2,1,2,3,9,5,17,4,0,22,0,34.0,70,True,0.6278571428571428
ppo,slow,65,101.12499379045302,12,12,2,1,2,2,10,3,17,4,0,53,0,65.0,70,True,0.5035164835164835
ppo,slow,34,101.76109481879061,12,12,2,1,2,2,10,3,17,4,0,22,0,34.0,70,True,0.6278571428571428
ppo,slow,44,98.94070780549828,12,12,2,1,2,2,10,3,17,4,0,32,0,44.0,70,True,0.5822402597402597
ppo,slow,33,137.89571942960487,12,12,2,2,2,3,9,5,17,5,0,21,0,33.0,70,True,0.7329870129870129
ppo,slow,32,127.27477872261417,12,12,2,2,2,3,9,5,16,3,0,20,0,32.0,70,True,0.7335714285714285
ppo,slow,31,102.59498271285882,12,12,2,1,2,4,9,7,15,2,0,18,1,31.0,70,True,0.6340092165898618
ppo,slow,33,126.9662250059364,12,12,2,2,2,3,9,5,17,4,0,21,0,33.0,70,True,0.7329870129870129
ppo,slow,32,138.29867379656727,12,12,2,2,2,3,9,5,16,4,0,20,0,32.0,70,True,0.7335714285714285
ppo,slow,34,109.18088191708446,12,12,2,1,2,2,10,3,17,4,0,22,0,34.0,70,True,0.6278571428571428
ppo,slow,33,127.68108711966462,12,12,2,2,2,2,10,3,17,4,0,21,0,33.0,70,True,0.7329870129870129
ppo,slow,33,113.75847114905335,12,12,2,1,2,3,9,5,16,3,0,21,0,33.0,70,True,0.6284415584415584
ppo,slow,33,135.3863884508089,12,12,2,2,2,3,10,5,16,3,0,20,1,33.0,70,True,0.7284415584415584
ppo,slow,41,105.86254959927783,12,12,2,1,2,2,10,3,17,4,0,29,0,41.0,70,True,0.5950522648083624
ppo,slow,32,120.60988895349631,12,12,2,2,2,3,9,5,16,3,0,20,0,32.0,70,True,0.7335714285714285
ppo,slow,33,131.9970366138253,12,12,2,2,2,3,10,5,16,3,0,20,1,33.0,70,True,0.7284415584415584
ppo,slow,32,107.59598098283838,12,12,2,1,2,3,9,5,16,3,0,20,0,32.0,70,True,0.6335714285714286
ppo,slow,35,112.06655273662659,12,12,2,1,2,2,10,3,17,4,0,23,0,35.0,70,True,0.6228571428571428
ppo,slow,34,124.97863398673987,12,12,2,2,2,2,10,3,17,4,0,22,0,34.0,70,True,0.7278571428571428
ppo,slow,34,100.942080996069,12,12,2,1,2,3,10,5,17,4,0,21,1,34.0,70,True,0.6278571428571428
ppo,slow,33,127.5749984113321,12,12,2,2,2,3,9,5,17,4,0,21,0,33.0,70,True,0.7329870129870129
ppo,slow,41,106.84801820565781,12,12,2,1,2,2,10,3,17,4,0,29,0,41.0,70,True,0.5950522648083624
ppo,slow,32,131.8412576951349,12,12,2,2,2,3,9,5,16,3,0,20,0,32.0,70,True,0.7335714285714285
ppo,slow,33,99.08338290526272,12,12,2,1,2,2,10,3,17,4,0,21,0,33.0,70,True,0.6329870129870129
ppo,slow,33,128.34809963111485,12,12,2,2,2,3,9,5,17,4,0,21,0,33.0,70,True,0.7329870129870129
ppo,slow,33,107.6119444405497,12,12,2,1,2,3,10,5,16,3,0,20,1,33.0,70,True,0.6284415584415584
ppo,slow,41,114.72386632780841,12,12,2,1,2,2,10,3,17,4,0,29,0,41.0,70,True,0.5950522648083624
ppo,slow,33,112.37218997941707,12,12,2,1,2,3,9,5,16,4,0,21,0,33.0,70,True,0.6284415584415584
ppo,slow,48,99.38789198684708,12,12,2,1,2,2,10,3,17,4,0,36,0,48.0,70,True,0.5659821428571428
ppo,slow,40,111.27828864918969,12,12,2,1,2,2,10,3,18,5,0,28,0,40.0,70,True,0.6032142857142857
ppo,slow,33,106.4665740844145,12,12,2,1,2,3,9,5,17,4,0,21,0,33.0,70,True,0.6329870129870129
ppo,slow,41,107.12830951034827,12,12,2,1,2,2,11,3,17,4,0,28,1,41.0,70,True,0.5950522648083624
ppo,slow,32,122.73599037083376,12,12,2,2,2,3,9,5,16,3,0,20,0,32.0,70,True,0.7335714285714285
ppo,slow,32,131.41224819109743,12,12,2,2,2,3,9,5,16,3,0,20,0,32.0,70,True,0.7335714285714285
ppo,slow,32,110.040255340313,12,12,2,1,2,3,9,5,16,3,0,20,0,32.0,70,True,0.6335714285714286
ppo,slow,35,135.46766521370228,12,12,2,2,2,2,10,3,17,4,0,23,0,35.0,70,True,0.7228571428571429
ppo,slow,33,130.01139713891558,12,12,2,2,2,3,10,5,16,3,0,20,1,33.0,70,True,0.7284415584415584
ppo,slow,33,122.84446378722387,12,12,2,2,2,3,10,5,16,3,0,20,1,33.0,70,True,0.7284415584415584
ppo,slow,33,98.02788049782112,12,12,2,1,2,3,10,5,16,3,0,20,1,33.0,70,True,0.6284415584415584
ppo,slow,42,110.049931805375,12,12,2,1,2,2,10,3,17,4,0,30,0,42.0,70,True,0.5907142857142857
ppo,slow,33,108.99421661315657,12,12,2,1,2,3,9,5,17,4,0,21,0,33.0,70,True,0.6329870129870129
ppo,slow,33,127.00808944460496,12,12,2,2,2,2,10,3,17,4,0,21,0,33.0,70,True,0.7329870129870129
ppo,slow,34,131.3866921396316,12,12,2,2,2,3,10,5,17,4,0,21,1,34.0,70,True,0.7278571428571428
ppo,slow,37,110.98451081358867,12,12,2,1,2,2,10,3,17,4,0,25,0,37.0,70,True,0.6132046332046331
ppo,expert,25,125.99653830925732,12,12,2,2,2,6,6,7,2,5,0,13,0,25.0,70,True,0.6905714285714286
ppo,expert,25,112.05424071523616,12,12,2,2,2,6,6,7,2,5,0,13,0,25.0,70,True,0.6905714285714286
ppo,expert,25,126.47682647582619,12,12,2,2,2,6,6,7,2,5,0,13,0,25.0,70,True,0.6905714285714286
ppo,expert,25,120.82216219852276,12,12,2,2,2,6,6,7,2,5,0,13,0,25.0,70,True,0.6905714285714286
ppo,expert,25,113.09805883881955,12,12,2,2,2,6,6,7,2,5,0,13,0,25.0,70,True,0.6905714285714286
ppo,expert,25,128.28553713210198,12,12,2,2,2,6,6,7,2,5,0,13,0,25.0,70,True,0.6905714285714286
ppo,expert,25,123.17901189134126,12,12,2,2,2,6,6,7,2,5,0,13,0,25.0,70,True,0.6905714285714286
ppo,expert,25,132.1425417295456,12,12,2,2,2,6,6,7,2,5,0,13,0,25.0,70,True,0.6905714285714286
ppo,expert,25,125.28773723108833,12,12,2,2,2,6,6,7,2,5,0,13,0,25.0,70,True,0.6905714285714286
ppo,expert,25,114.82827279593694,12,12,2,2,2,6,6,7,2,5,0,13,0,25.0,70,True,0.6905714285714286
ppo,expert,25,132.05571942960484,12,12,2,2,2,6,6,7,2,5,0,13,0,25.0,70,True,0.6905714285714286
ppo,expert,25,121.71477872261416,12,12,2,2,2,6,6,9,4,6,0,13,0,25.0,70,True,0.7025714285714286
ppo,expert,25,125.10532966290667,12,12,2,2,2,6,6,7,2,5,0,13,0,25.0,70,True,0.6905714285714286
ppo,expert,26,121.70622500593639,12,12,2,2,2,6,6,9,5,6,0,14,0,26.0,70,True,0.7045604395604395
ppo,expert,26,132.51867379656727,12,12,2,2,2,6,6,7,2,5,0,14,0,26.0,70,True,0.6872527472527472
ppo,expert,25,128.7739671748023,12,12,2,2,2,6,6,7,2,5,0,13,0,25.0,70,True,0.6905714285714286
ppo,expert,25,121.54108711966461,12,12,2,2,2,6,6,7,2,5,0,13,0,25.0,70,True,0.6905714285714286
ppo,expert,25,137.50258025137464,12,12,2,2,2,6,6,7,2,5,0,13,0,25.0,70,True,0.6905714285714286
ppo,expert,25,130.02356741517016,12,12,2,2,2,6,6,7,2,5,0,13,0,25.0,70,True,0.6905714285714286
ppo,expert,25,123.10606739431364,12,12,2,2,2,6,6,9,4,6,0,13,0,25.0,70,True,0.7025714285714286
ppo,expert,25,114.54988895349629,12,12,2,2,2,6,6,7,2,5,0,13,0,25.0,70,True,0.6905714285714286
ppo,expert,25,126.85703661382529,12,12,2,2,2,6,6,9,5,6,0,13,0,25.0,70,True,0.7085714285714286
ppo,expert,25,132.9316991333721,12,12,2,2,2,6,6,7,2,5,0,13,0,25.0,70,True,0.6905714285714286
ppo,expert,25,137.8480109800486,12,12,2,2,2,6,6,7,2,5,0,13,0,25.0,70,True,0.6905714285714286
ppo,expert,26,118.83863398673984,12,12,2,2,2,6,6,7,2,5,0,14,0,26.0,70,True,0.6872527472527472
ppo,expert,25,121.45843909596495,12,12,2,2,2,6,6,7,2,5,0,13,0,25.0,70,True,0.6905714285714286
ppo,expert,25,121.43499841133207,12,12,2,2,2,6,6,7,2,5,0,13,0,25.0,70,True,0.6905714285714286
ppo,expert,25,127.23692327231674,12,12,2,2,2,6,6,7,3,5,0,13,0,25.0,70,True,0.6965714285714286
ppo,expert,25,125.78125769513488,12,12,2,2,2,6,6,7,2,5,0,13,0,25.0,70,True,0.6905714285714286
ppo,expert,25,122.75412253601009,12,12,2,2,2,6,6,7,2,5,0,13,0,25.0,70,True,0.6905714285714286
ppo,expert,25,122.20809963111482,12,12,2,2,2,6,6,7,2,5,0,13,0,25.0,70,True,0.6905714285714286
ppo,expert,25,134.60231837618687,12,12,2,2,2,6,6,7,2,5,0,13,0,25.0,70,True,0.6905714285714286
ppo,expert,25,128.99891324165213,12,12,2,2,2,6,6,9,4,6,0,13,0,25.0,70,True,0.7025714285714286
ppo,expert,25,137.49854806710886,12,12,2,2,2,6,6,7,2,5,0,13,0,25.0,70,True,0.6905714285714286
ppo,expert,25,112.61889412070519,12,12,2,2,2,6,6,7,2,5,0,13,0,25.0,70,True,0.6905714285714286
ppo,expert,25,127.51248244498053,12,12,2,2,2,6,6,7,2,5,0,13,0,25.0,70,True,0.6905714285714286
ppo,expert,25,129.56169493541398,12,12,2,2,2,6,6,7,2,5,0,13,0,25.0,70,True,0.6905714285714286
ppo,expert,25,123.48943371063865,12,12,2,2,2,6,6,7,2,5,0,13,0,25.0,70,True,0.6905714285714286
ppo,expert,25,116.67599037083374,12,12,2,2,2,6,6,7,2,5,0,13,0,25.0,70,True,0.6905714285714286
ppo,expert,25,125.35224819109743,12,12,2,2,2,6,6,7,2,5,0,13,0,25.0,70,True,0.6905714285714286
ppo,expert,25,132.69502040463823,12,12,2,2,2,6,6,7,2,5,0,13,0,25.0,70,True,0.6905714285714286
ppo,expert,25,129.36766521370225,12,12,2,2,2,6,6,7,2,5,0,13,0,25.0,70,True,0.6905714285714286
ppo,expert,25,123.97139713891558,12,12,2,2,2,6,6,7,2,5,0,13,0,25.0,70,True,0.6905714285714286
ppo,expert,25,116.80446378722385,12,12,2,2,2,6,6,7,2,5,0,13,0,25.0,70,True,0.6905714285714286
ppo,expert,25,123.0484421722502,12,12,2,2,2,6,6,7,2,5,0,13,0,25.0,70,True,0.6905714285714286
ppo,expert,25,125.1490052248393,12,12,2,2,2,6,6,7,2,5,0,13,0,25.0,70,True,0.6905714285714286
ppo,expert,25,132.29222300227974,12,12,2,2,2,6,6,7,2,5,0,13,0,25.0,70,True,0.6905714285714286
ppo,expert,25,121.26808944460495,12,12,2,2,2,6,6,7,3,5,0,13,0,25.0,70,True,0.6965714285714286
ppo,expert,25,125.75956045277773,12,12,2,2,2,6,6,7,2,5,0,13,0,25.0,70,True,0.6905714285714286
ppo,expert,25,129.9955253970908,12,12,2,2,2,6,6,7,2,5,0,13,0,25.0,70,True,0.6905714285714286
ppo,novice,43,103.86968683258735,12,12,2,1,2,1,12,1,18,5,0,30,1,43.0,70,True,0.5899335548172757
ppo,novice,43,117.02660355542946,12,12,2,2,2,1,12,1,18,5,0,30,1,43.0,70,True,0.6899335548172758
ppo,novice,43,109.20555593674185,12,12,2,1,2,1,12,1,18,5,0,30,1,43.0,70,True,0.5899335548172757
ppo,novice,43,105.63161914023082,12,12,2,1,2,1,12,1,18,5,0,30,1,43.0,70,True,0.5899335548172757
ppo,novice,43,99.4223501505672,12,12,2,1,2,1,12,1,18,5,0,30,1,43.0,70,True,0.5899335548172757
ppo,novice,40,100.56696813041603,12,12,2,1,2,2,11,3,18,5,0,27,1,40.0,70,True,0.6032142857142857
ppo,novice,39,101.78944489619131,12,12,2,1,2,2,11,3,17,4,0,26,1,39.0,70,True,0.603956043956044
ppo,novice,43,105.20755416981379,12,12,2,1,2,1,12,1,18,5,0,30,1,43.0,70,True,0.5899335548172757
ppo,novice,43,98.57242911035078,12,12,2,1,2,1,12,1,18,5,0,30,1,43.0,70,True,0.5899335548172757
ppo,novice,43,98.0893766943295,12,12,2,1,2,1,12,1,18,5,0,30,1,43.0,70,True,0.5899335548172757
ppo,novice,43,110.9869169354635,12,12,2,1,2,1,12,1,18,5,0,30,1,43.0,70,True,0.5899335548172757
ppo,novice,43,99.8702318181928,12,12,2,1,2,1,12,1,18,5,0,30,1,43.0,70,True,0.5899335548172757
ppo,novice,43,98.39182824822456,12,12,2,1,2,1,12,1,18,5,0,30,1,43.0,70,True,0.5899335548172757
ppo,novice,39,126.84622500593642,12,12,2,2,2,2,11,3,17,4,0,26,1,39.0,70,True,0.7039560439560439
ppo,novice,43,110.89257700753818,12,12,2,1,2,1,12,1,18,5,0,30,1,43.0,70,True,0.5899335548172757
ppo,novice,43,106.21093004667293,12,12,2,1,2,1,12,1,18,5,0,30,1,43.0,70,True,0.5899335548172757
ppo,novice,43,102.44374022112429,12,12,2,1,2,1,12,1,18,5,0,30,1,43.0,70,True,0.5899335548172757
ppo,novice,43,110.56374751405096,12,12,2,1,2,1,12,1,18,5,0,30,1,43.0,70,True,0.5899335548172757
ppo,novice,39,111.89998233026226,12,12,2,1,2,2,11,3,17,5,0,26,1,39.0,70,True,0.603956043956044
ppo,novice,43,104.36114105479513,12,12,2,1,2,1,12,1,18,5,0,30,1,43.0,70,True,0.5899335548172757
ppo,novice,43,98.70316367962317,12,12,2,1,2,1,12,1,18,5,0,30,1,43.0,70,True,0.5899335548172757
ppo,novice,39,131.9770366138253,12,12,2,2,2,2,11,3,17,4,0,26,1,39.0,70,True,0.7039560439560439
ppo,novice,43,103.52127944581082,12,12,2,1,2,1,12,1,18,5,0,30,1,43.0,70,True,0.5899335548172757
ppo,novice,43,109.0209596847671,12,12,2,1,2,1,12,1,18,5,0,30,1,43.0,70,True,0.5899335548172757
ppo,novice,43,103.2880417517084,12,12,2,1,2,1,12,1,18,5,0,30,1,43.0,70,True,0.5899335548172757
ppo,novice,43,98.48405080599846,12,12,2,1,2,1,12,1,18,5,0,30,1,43.0,70,True,0.5899335548172757
ppo,novice,43,99.07785538197062,12,12,2,1,2,1,12,1,18,5,0,30,1,43.0,70,True,0.5899335548172757
ppo,novice,43,105.39268375781747,12,12,2,1,2,1,12,1,18,5,0,30,1,43.0,70,True,0.5899335548172757
ppo,novice,43,107.96027559627821,12,12,2,1,2,1,12,1,18,5,0,30,1,43.0,70,True,0.5899335548172757
ppo,novice,43,95.07545880161601,12,12,2,1,2,1,12,1,18,5,0,30,1,43.0,70,True,0.5899335548172757
ppo,novice,43,126.5518917316682,12,12,2,2,2,1,12,1,18,5,0,30,1,43.0,70,True,0.6899335548172758
ppo,novice,43,104.268543477122,12,12,2,1,2,1,12,1,18,5,0,30,1,43.0,70,True,0.5899335548172757
ppo,novice,43,113.76124874863517,12,12,2,1,2,1,12,1,18,5,0,30,1,43.0,70,True,0.5899335548172757
ppo,novice,43,109.4540987400535,12,12,2,1,2,1,12,1,18,5,0,30,1,43.0,70,True,0.5899335548172757
ppo,novice,43,98.18515513765675,12,12,2,1,2,1,12,1,18,5,0,30,1,43.0,70,True,0.5899335548172757
ppo,novice,43,109.14339344703201,12,12,2,1,2,1,12,1,18,5,0,30,1,43.0,70,True,0.5899335548172757
ppo,novice,39,104.12510780321814,12,12,2,1,2,2,11,3,17,5,0,26,1,39.0,70,True,0.603956043956044
ppo,novice,43,107.08177148648704,12,12,2,1,2,1,12,1,18,5,0,30,1,43.0,70,True,0.5899335548172757
ppo,novice,39,122.12763522749952,12,12,2,2,2,2,11,3,17,4,0,26,1,39.0,70,True,0.7039560439560439
ppo,novice,43,105.73258477342007,12,12,2,1,2,1,12,1,18,5,0,30,1,43.0,70,True,0.5899335548172757
ppo,novice,43,106.54311870146249,12,12,2,1,2,1,12,1,18,5,0,30,1,43.0,70,True,0.5899335548172757
ppo,novice,43,111.06286593425945,12,12,2,1,2,1,12,1,18,5,0,30,1,43.0,70,True,0.5899335548172757
ppo,novice,43,106.12578276031626,12,12,2,1,2,1,12,1,18,5,0,30,1,43.0,70,True,0.5899335548172757
ppo,novice,39,122.4186473232588,12,12,2,2,2,2,11,3,17,4,0,26,1,39.0,70,True,0.7039560439560439
ppo,novice,43,95.30031127985832,12,12,2,1,2,1,12,1,18,5,0,30,1,43.0,70,True,0.5899335548172757
ppo,novice,43,108.53014081360101,12,12,2,1,2,1,12,1,18,5,0,30,1,43.0,70,True,0.5899335548172757
ppo,novice,43,105.87139850634568,12,12,2,1,2,1,12,1,18,5,0,30,1,43.0,70,True,0.5899335548172757
ppo,novice,43,102.05471098189659,12,12,2,1,2,1,12,1,18,5,0,30,1,43.0,70,True,0.5899335548172757
ppo,novice,43,113.04440048128582,12,12,2,1,2,1,12,1,18,5,0,30,1,43.0,70,True,0.5899335548172757
ppo,novice,39,110.62570557984472,12,12,2,1,2,2,11,3,17,4,0,26,1,39.0,70,True,0.603956043956044
ppo,tired,39,104.7111008542926,12,12,2,1,2,2,11,3,17,4,0,26,1,39.0,70,True,0.603956043956044
ppo,tired,46,101.62989313654677,12,12,2,1,2,2,10,3,17,4,0,34,0,46.0,70,True,0.5740062111801242
ppo,tired,35,132.2768264758262,12,12,2,2,2,2,10,3,17,5,0,23,0,35.0,70,True,0.7228571428571429
ppo,tired,39,126.03724243428533,12,12,2,2,2,2,11,3,17,4,0,26,1,39.0,70,True,0.7039560439560439
ppo,tired,36,119.17805883881955,12,12,2,2,2,2,10,3,17,4,0,24,0,36.0,70,True,0.7179761904761905
ppo,tired,33,101.18784069707189,12,12,2,1,2,3,10,5,16,3,0,20,1,33.0,70,True,0.6284415584415584
ppo,tired,31,129.1590118913413,12,12,2,2,2,4,9,7,15,2,0,18,1,31.0,70,True,0.7340092165898617
ppo,tired,70,55.54581737623951,8,12,1,1,2,2,7,3,17,0,0,61,0,70.0,70,False,0.36976190476190474
ppo,tired,40,100.46543392151607,12,12,2,1,2,2,10,3,18,5,0,28,0,40.0,70,True,0.6032142857142857
ppo,tired,39,98.72154634727855,12,12,2,1,2,2,11,3,17,4,0,26,1,39.0,70,True,0.603956043956044
ppo,tired,37,113.485666583568,12,12,2,1,2,2,10,3,18,5,0,25,0,37.0,70,True,0.6172586872586873
ppo,tired,39,100.82942917960106,12,12,2,1,2,2,11,3,17,4,0,26,1,39.0,70,True,0.603956043956044
ppo,tired,33,102.24272403910761,12,12,2,1,2,3,9,5,16,3,0,21,0,33.0,70,True,0.6284415584415584
ppo,tired,33,126.96622500593641,12,12,2,2,2,2,10,3,17,4,0,21,0,33.0,70,True,0.7329870129870129
ppo,tired,45,111.39603230115986,12,12,2,1,2,2,10,3,17,4,0,33,0,45.0,70,True,0.578095238095238
ppo,tired,34,109.28088191708447,12,12,2,1,2,2,10,3,18,5,0,22,0,34.0,70,True,0.6322689075630251
ppo,tired,39,103.06532300328928,12,12,2,1,2,2,11,3,17,5,0,26,1,39.0,70,True,0.603956043956044
ppo,tired,45,111.04727465233223,12,12,2,1,2,2,10,3,17,4,0,33,0,45.0,70,True,0.578095238095238
ppo,tired,33,136.06356741517016,12,12,2,2,2,3,10,5,16,3,0,20,1,33.0,70,True,0.7284415584415584
ppo,tired,41,105.86254959927783,12,12,2,1,2,2,10,3,17,4,0,29,0,41.0,70,True,0.5950522648083624
ppo,tired,39,119.49221896617564,12,12,2,2,2,2,11,3,17,4,0,26,1,39.0,70,True,0.7039560439560439
ppo,tired,33,131.34066110801018,12,12,2,2,2,3,10,5,16,3,0,20,1,33.0,70,True,0.7284415584415584
ppo,tired,35,107.03493092920463,12,12,2,1,2,2,10,3,18,5,0,23,0,35.0,70,True,0.6271428571428571
ppo,tired,50,108.29885653137856,12,12,2,1,2,2,10,3,17,4,0,38,0,50.0,70,True,0.5581428571428572
ppo,tired,38,124.89863398673985,12,12,2,2,2,2,10,3,17,4,0,26,0,38.0,70,True,0.7085338345864662
ppo,tired,37,100.62691468020628,12,12,2,1,2,2,10,3,17,5,0,25,0,37.0,70,True,0.6132046332046331
ppo,tired,39,99.88762380572527,12,12,2,1,2,2,11,3,17,4,0,26,1,39.0,70,True,0.603956043956044
ppo,tired,39,106.86526830911039,12,12,2,1,2,2,11,3,17,4,0,26,1,39.0,70,True,0.603956043956044
ppo,tired,39,108.40955321138675,12,12,2,1,2,2,11,3,17,4,0,26,1,39.0,70,True,0.603956043956044
ppo,tired,37,98.14503400739537,12,12,2,1,2,2,10,3,17,4,0,25,0,37.0,70,True,0.6132046332046331
ppo,tired,34,128.32809963111484,12,12,2,2,2,3,9,5,17,4,0,22,0,34.0,70,True,0.7278571428571428
ppo,tired,45,105.21280796904635,12,12,2,1,2,2,10,3,17,4,0,33,0,45.0,70,True,0.578095238095238
ppo,tired,39,133.68828164285082,12,12,2,2,2,2,11,3,17,4,0,26,1,39.0,70,True,0.7039560439560439
ppo,tired,39,110.43257059326612,12,12,2,1,2,2,11,3,17,4,0,26,1,39.0,70,True,0.603956043956044
ppo,tired,41,117.30272545637482,12,12,2,2,2,2,11,3,17,4,0,28,1,41.0,70,True,0.6950522648083624
ppo,tired,38,111.4703421564041,12,12,2,1,2,2,10,3,17,4,0,26,0,38.0,70,True,0.6085338345864661
ppo,tired,31,106.72694288565842,12,12,2,1,2,4,9,7,15,2,0,18,1,31.0,70,True,0.6340092165898618
ppo,tired,40,108.54449153444483,12,12,2,1,2,2,10,3,17,4,0,28,0,40.0,70,True,0.5994642857142857
ppo,tired,36,122.75599037083374,12,12,2,2,2,2,10,3,17,4,0,24,0,36.0,70,True,0.7179761904761905
ppo,tired,39,106.28868973699365,12,12,2,1,2,2,11,3,17,4,0,26,1,39.0,70,True,0.603956043956044
ppo,tired,49,106.29221822804723,12,12,2,1,2,2,10,3,17,4,0,37,0,49.0,70,True,0.5620408163265306
ppo,tired,39,111.46708443853703,12,12,2,1,2,2,11,3,17,4,0,26,1,39.0,70,True,0.603956043956044
ppo,tired,33,130.1113971389156,12,12,2,2,2,2,10,3,17,4,0,21,0,33.0,70,True,0.7329870129870129
ppo,tired,39,121.63122070701785,12,12,2,2,2,2,11,3,17,4,0,26,1,39.0,70,True,0.7039560439560439
ppo,tired,39,96.52521050921644,12,12,2,1,2,2,11,3,17,4,0,26,1,39.0,70,True,0.603956043956044
ppo,tired,41,108.98659885813197,12,12,2,1,2,2,11,3,18,5,0,28,1,41.0,70,True,0.5987108013937282
ppo,tired,39,107.69826492614759,12,12,2,1,2,1,11,1,18,5,0,27,0,39.0,70,True,0.6078021978021978
ppo,tired,39,102.75805918893178,12,12,2,1,2,2,11,3,17,4,0,26,1,39.0,70,True,0.603956043956044
ppo,tired,39,130.69407408553047,12,12,2,2,2,2,11,3,17,4,0,26,1,39.0,70,True,0.7039560439560439
ppo,tired,33,135.52957399871303,12,12,2,2,2,3,10,5,16,3,0,20,1,33.0,70,True,0.7284415584415584
ppo,easy_first,32,131.75653830925734,12,12,2,2,2,3,9,5,16,4,0,20,0,32.0,70,True,0.7335714285714285
ppo,easy_first,26,117.33424071523619,12,12,2,2,2,5,7,9,13,2,0,14,0,26.0,70,True,0.7507142857142857
ppo,easy_first,30,131.8768264758262,12,12,2,2,2,4,8,7,15,4,0,18,0,30.0,70,True,0.7392857142857143
ppo,easy_first,29,126.74216219852279,12,12,2,2,2,5,7,8,14,1,0,17,0,29.0,70,True,0.7395566502463053
ppo,easy_first,28,118.33805883881958,12,12,2,2,2,5,7,8,13,2,0,16,0,28.0,70,True,0.739642857142857
ppo,easy_first,28,133.325537132102,12,12,2,2,2,5,7,9,14,4,0,16,0,28.0,70,True,0.7449999999999999
ppo,easy_first,27,128.5390118913413,12,12,2,2,2,5,7,9,14,3,0,15,0,27.0,70,True,0.7506349206349205
ppo,easy_first,34,107.65407193055616,12,12,2,1,2,2,10,3,16,5,0,22,0,34.0,70,True,0.6234453781512604
ppo,easy_first,29,131.30773723108837,12,12,2,2,2,4,8,7,15,2,0,17,0,29.0,70,True,0.7447290640394089
ppo,easy_first,34,120.24827279593696,12,12,2,2,2,2,10,3,16,5,0,22,0,34.0,70,True,0.7234453781512604
ppo,easy_first,27,137.41571942960485,12,12,2,2,2,5,7,8,14,3,0,15,0,27.0,70,True,0.7506349206349205
ppo,easy_first,29,126.13477872261419,12,12,2,2,2,5,7,8,13,3,0,17,0,29.0,70,True,0.7343842364532018
ppo,easy_first,26,130.3853296629067,12,12,2,2,2,5,7,9,13,2,0,14,0,26.0,70,True,0.7507142857142857
ppo,easy_first,26,126.50622500593641,12,12,2,2,2,5,7,9,14,2,0,14,0,26.0,70,True,0.7564835164835164
ppo,easy_first,26,137.81867379656728,12,12,2,2,2,5,7,9,13,2,0,14,0,26.0,70,True,0.7507142857142857
ppo,easy_first,30,133.7739671748023,12,12,2,2,2,4,8,7,14,4,0,18,0,30.0,70,True,0.7342857142857142
ppo,easy_first,26,126.52108711966463,12,12,2,2,2,5,7,9,13,3,0,14,0,26.0,70,True,0.7507142857142857
ppo,easy_first,29,142.1769309374753,12,12,2,2,2,5,8,9,14,3,0,16,1,29.0,70,True,0.7395566502463053
ppo,easy_first,26,134.90356741517016,12,12,2,2,2,5,7,9,12,2,0,14,0,26.0,70,True,0.7449450549450549
ppo,easy_first,28,127.94606739431367,12,12,2,2,2,5,7,8,14,3,0,16,0,28.0,70,True,0.7449999999999999
ppo,easy_first,29,119.86988895349631,12,12,2,2,2,5,7,8,14,3,0,17,0,29.0,70,True,0.7395566502463053
ppo,easy_first,30,131.0570366138253,12,12,2,2,2,4,8,7,15,5,0,18,0,30.0,70,True,0.7392857142857143
ppo,easy_first,27,137.8916991333721,12,12,2,2,2,5,7,8,13,3,0,15,0,27.0,70,True,0.745079365079365
ppo,easy_first,29,112.37363121872582,12,12,2,1,2,4,8,7,14,4,0,17,0,29.0,70,True,0.6395566502463054
ppo,easy_first,29,124.17863398673988,12,12,2,2,2,5,7,8,14,3,0,17,0,29.0,70,True,0.7395566502463053
ppo,easy_first,27,126.71843909596497,12,12,2,2,2,5,7,7,13,2,0,15,0,27.0,70,True,0.745079365079365
ppo,easy_first,27,126.39499841133211,12,12,2,2,2,5,7,7,13,3,0,15,0,27.0,70,True,0.745079365079365
ppo,easy_first,32,132.89692327231677,12,12,2,2,2,3,9,5,16,3,0,20,0,32.0,70,True,0.7335714285714285
ppo,easy_first,28,131.2212576951349,12,12,2,2,2,5,7,9,15,4,0,16,0,28.0,70,True,0.7503571428571427
ppo,easy_first,30,98.98714457866323,12,12,2,1,2,4,8,7,15,4,0,18,0,30.0,70,True,0.6392857142857142
ppo,easy_first,26,127.18809963111485,12,12,2,2,2,5,7,9,13,3,0,14,0,26.0,70,True,0.7507142857142857
ppo,easy_first,27,140.66231837618687,12,12,2,2,2,5,7,9,15,2,0,15,0,27.0,70,True,0.7561904761904763
ppo,easy_first,31,133.42269302091188,12,12,2,2,2,4,9,7,15,3,0,18,1,31.0,70,True,0.7340092165898617
ppo,easy_first,27,142.7585480671089,12,12,2,2,2,5,7,7,13,2,0,15,0,27.0,70,True,0.745079365079365
ppo,easy_first,32,118.67889412070522,12,12,2,2,2,3,9,5,16,3,0,20,0,32.0,70,True,0.7335714285714285
ppo,easy_first,29,133.23248244498058,12,12,2,2,2,5,7,8,15,3,0,17,0,29.0,70,True,0.7447290640394089
ppo,easy_first,28,134.50169493541398,12,12,2,2,2,5,7,8,13,3,0,16,0,28.0,70,True,0.739642857142857
ppo,easy_first,30,129.48943371063868,12,12,2,2,2,5,7,8,15,2,0,18,0,30.0,70,True,0.7392857142857143
ppo,easy_first,27,121.73599037083376,12,12,2,2,2,5,7,9,14,4,0,15,0,27.0,70,True,0.7506349206349205
ppo,easy_first,27,130.71224819109744,12,12,2,2,2,5,7,9,14,3,0,15,0,27.0,70,True,0.7506349206349205
ppo,easy_first,27,137.65502040463826,12,12,2,2,2,5,7,8,13,3,0,15,0,27.0,70,True,0.745079365079365
ppo,easy_first,31,134.84766521370227,12,12,2,2,2,4,8,7,16,5,0,19,0,31.0,70,True,0.7388479262672811
ppo,easy_first,26,128.5513971389156,12,12,2,2,2,5,7,9,12,3,0,14,0,26.0,70,True,0.7449450549450549
ppo,easy_first,29,122.12446378722387,12,12,2,2,2,4,8,7,14,3,0,17,0,29.0,70,True,0.7395566502463053
ppo,easy_first,26,127.92844217225023,12,12,2,2,2,5,7,7,12,2,0,14,0,26.0,70,True,0.7449450549450549
ppo,easy_first,28,130.48900522483933,12,12,2,2,2,5,7,9,14,3,0,16,0,28.0,70,True,0.7449999999999999
ppo,easy_first,28,138.43222300227978,12,12,2,2,2,5,7,9,16,3,0,16,0,28.0,70,True,0.7557142857142858
ppo,easy_first,26,125.74808944460497,12,12,2,2,2,5,7,7,12,2,0,14,0,26.0,70,True,0.7449450549450549
ppo,easy_first,29,131.07956045277774,12,12,2,2,2,5,7,8,14,3,0,17,0,29.0,70,True,0.7395566502463053
ppo,easy_first,26,135.27552539709083,12,12,2,2,2,5,7,9,13,2,0,14,0,26.0,70,True,0.7507142857142857
ppo,hard_first,26,131.67653830925735,12,12,2,2,2,5,7,7,14,2,0,14,0,26.0,70,True,0.7564835164835164
ppo,hard_first,27,115.91424071523616,12,12,2,2,2,6,6,9,11,4,0,15,0,27.0,70,True,0.7339682539682539
ppo,hard_first,26,130.9568264758262,12,12,2,2,2,5,7,7,11,2,0,14,0,26.0,70,True,0.7391758241758242
ppo,hard_first,27,124.98216219852276,12,12,2,2,2,6,6,9,11,3,0,15,0,27.0,70,True,0.7339682539682539
ppo,hard_first,26,117.37805883881957,12,12,2,2,2,5,7,7,12,4,0,14,0,26.0,70,True,0.7449450549450549
ppo,hard_first,29,131.80553713210196,12,12,2,2,2,6,6,11,11,5,0,17,0,29.0,70,True,0.724039408866995
ppo,hard_first,26,126.95901189134128,12,12,2,2,2,5,7,7,10,3,0,14,0,26.0,70,True,0.7334065934065934
ppo,hard_first,27,137.2025417295456,12,12,2,2,2,5,7,9,14,4,0,15,0,27.0,70,True,0.7506349206349205
ppo,hard_first,26,130.16773723108832,12,12,2,2,2,5,7,9,12,2,0,14,0,26.0,70,True,0.7449450549450549
ppo,hard_first,26,119.00827279593696,12,12,2,2,2,5,7,7,11,3,0,14,0,26.0,70,True,0.7391758241758242
ppo,hard_first,26,137.23571942960487,12,12,2,2,2,5,7,9,12,1,0,14,0,26.0,70,True,0.7449450549450549
ppo,hard_first,26,125.39477872261416,12,12,2,2,2,5,7,7,11,3,0,14,0,26.0,70,True,0.7391758241758242
ppo,hard_first,27,128.1653296629067,12,12,2,2,2,6,6,9,9,4,0,15,0,27.0,70,True,0.7228571428571429
ppo,hard_first,26,125.3062250059364,12,12,2,2,2,5,7,7,11,2,0,14,0,26.0,70,True,0.7391758241758242
ppo,hard_first,26,136.31867379656728,12,12,2,2,2,5,7,7,10,3,0,14,0,26.0,70,True,0.7334065934065934
ppo,hard_first,28,132.31396717480231,12,12,2,2,2,6,6,9,11,5,0,16,0,28.0,70,True,0.7289285714285714
ppo,hard_first,26,126.62108711966462,12,12,2,2,2,5,7,7,14,4,0,14,0,26.0,70,True,0.7564835164835164
ppo,hard_first,26,142.08258025137468,12,12,2,2,2,5,7,7,12,3,0,14,0,26.0,70,True,0.7449450549450549
ppo,hard_first,26,134.20356741517017,12,12,2,2,2,5,7,7,11,3,0,14,0,26.0,70,True,0.7391758241758242
ppo,hard_first,26,126.78606739431365,12,12,2,2,2,5,7,7,11,3,0,14,0,26.0,70,True,0.7391758241758242
ppo,hard_first,26,118.7298889534963,12,12,2,2,2,5,7,7,11,3,0,14,0,26.0,70,True,0.7391758241758242
ppo,hard_first,26,130.93703661382528,12,12,2,2,2,5,7,7,13,3,0,14,0,26.0,70,True,0.7507142857142857
ppo,hard_first,29,136.1516991333721,12,12,2,2,2,6,6,11,11,6,0,17,0,29.0,70,True,0.724039408866995
ppo,hard_first,26,142.82801098004865,12,12,2,2,2,5,7,7,13,3,0,14,0,26.0,70,True,0.7507142857142857
ppo,hard_first,26,122.63863398673985,12,12,2,2,2,5,7,7,10,3,0,14,0,26.0,70,True,0.7334065934065934
ppo,hard_first,29,124.67843909596498,12,12,2,2,2,6,6,11,11,6,0,17,0,29.0,70,True,0.724039408866995
ppo,hard_first,27,125.6949984113321,12,12,2,2,2,5,7,7,12,4,0,15,0,27.0,70,True,0.7395238095238095
ppo,hard_first,29,132.18387266898839,12,12,2,2,2,5,8,9,14,1,0,16,1,29.0,70,True,0.7395566502463053
ppo,hard_first,26,129.96125769513492,12,12,2,2,2,5,7,7,11,3,0,14,0,26.0,70,True,0.7391758241758242
ppo,hard_first,27,127.3141225360101,12,12,2,2,2,5,7,7,12,3,0,15,0,27.0,70,True,0.7395238095238095
ppo,hard_first,27,126.06809963111482,12,12,2,2,2,6,6,9,11,4,0,15,0,27.0,70,True,0.7339682539682539
ppo,hard_first,29,138.5223183761869,12,12,2,2,2,6,6,9,12,5,0,17,0,29.0,70,True,0.7292118226600985
ppo,hard_first,26,133.07891324165217,12,12,2,2,2,5,7,9,12,3,0,14,0,26.0,70,True,0.7449450549450549
ppo,hard_first,29,140.3185480671089,12,12,2,2,2,6,6,11,10,6,0,17,0,29.0,70,True,0.7188669950738915
ppo,hard_first,28,118.55889412070522,12,12,2,2,2,5,7,8,14,1,0,16,0,28.0,70,True,0.7449999999999999
ppo,hard_first,26,133.19248244498056,12,12,2,2,2,5,7,7,14,2,0,14,0,26.0,70,True,0.7564835164835164
ppo,hard_first,29,132.78169493541398,12,12,2,2,2,6,6,11,11,6,0,17,0,29.0,70,True,0.724039408866995
ppo,hard_first,27,129.14943371063868,12,12,2,2,2,5,7,7,14,2,0,15,0,27.0,70,True,0.7506349206349205
ppo,hard_first,26,120.85599037083375,12,12,2,2,2,5,7,7,11,3,0,14,0,26.0,70,True,0.7391758241758242
ppo,hard_first,26,129.93224819109744,12,12,2,2,2,5,7,7,12,3,0,14,0,26.0,70,True,0.7449450549450549
ppo,hard_first,30,135.49502040463827,12,12,2,2,2,6,6,11,10,6,0,18,0,30.0,70,True,0.7142857142857142
ppo,hard_first,27,133.22766521370227,12,12,2,2,2,6,6,9,11,4,0,15,0,27.0,70,True,0.7339682539682539
ppo,hard_first,26,128.1513971389156,12,12,2,2,2,5,7,7,11,3,0,14,0,26.0,70,True,0.7391758241758242
ppo,hard_first,26,120.98446378722386,12,12,2,2,2,5,7,9,11,3,0,14,0,26.0,70,True,0.7391758241758242
ppo,hard_first,27,127.20844217225022,12,12,2,2,2,6,6,9,11,3,0,15,0,27.0,70,True,0.7339682539682539
ppo,hard_first,26,129.7290052248393,12,12,2,2,2,5,7,7,12,3,0,14,0,26.0,70,True,0.7449450549450549
ppo,hard_first,28,136.2322230022798,12,12,2,2,2,6,6,9,12,5,0,16,0,28.0,70,True,0.7342857142857142
ppo,hard_first,26,125.34808944460495,12,12,2,2,2,5,7,7,11,2,0,14,0,26.0,70,True,0.7391758241758242
ppo,hard_first,26,130.63956045277774,12,12,2,2,2,5,7,7,12,2,0,14,0,26.0,70,True,0.7449450549450549
ppo,hard_first,26,134.57552539709081,12,12,2,2,2,5,7,9,12,3,0,14,0,26.0,70,True,0.7449450549450549
ppo,hesitant,34,106.55506875715608,12,12,2,1,2,3,9,5,18,5,0,22,0,34.0,70,True,0.6322689075630251
ppo,hesitant,31,117.73424071523618,12,12,2,2,2,4,9,7,15,3,0,18,1,31.0,70,True,0.7340092165898617
ppo,hesitant,32,132.33682647582623,12,12,2,2,2,3,9,5,17,5,0,20,0,32.0,70,True,0.7382589285714285
ppo,hesitant,32,126.88216219852278,12,12,2,2,2,4,9,7,16,3,0,19,1,32.0,70,True,0.7335714285714285
ppo,hesitant,31,119.07805883881957,12,12,2,2,2,4,9,7,15,2,0,18,1,31.0,70,True,0.7340092165898617
ppo,hesitant,31,101.57785304992218,12,12,2,1,2,4,9,7,15,2,0,18,1,31.0,70,True,0.6340092165898618
ppo,hesitant,31,129.1590118913413,12,12,2,2,2,4,9,7,15,2,0,18,1,31.0,70,True,0.7340092165898617
ppo,hesitant,33,108.48726799959175,12,12,2,1,2,3,10,5,16,3,0,20,1,33.0,70,True,0.6284415584415584
ppo,hesitant,32,101.82631511788213,12,12,2,1,2,4,9,7,16,4,0,19,1,32.0,70,True,0.6335714285714286
ppo,hesitant,32,120.88827279593696,12,12,2,2,2,3,9,5,16,3,0,20,0,32.0,70,True,0.7335714285714285
ppo,hesitant,31,137.73571942960487,12,12,2,2,2,4,9,7,15,3,0,18,1,31.0,70,True,0.7340092165898617
ppo,hesitant,31,126.99477872261417,12,12,2,2,2,3,9,5,16,4,0,19,0,31.0,70,True,0.7388479262672811
ppo,hesitant,31,102.29498271285883,12,12,2,1,2,4,9,7,15,3,0,18,1,31.0,70,True,0.6340092165898618
ppo,hesitant,31,126.50622500593641,12,12,2,2,2,4,9,7,15,3,0,18,1,31.0,70,True,0.7340092165898617
ppo,hesitant,31,138.2186737965673,12,12,2,2,2,4,9,7,15,3,0,18,1,31.0,70,True,0.7340092165898617
ppo,hesitant,31,134.4539671748023,12,12,2,2,2,4,9,7,15,3,0,18,1,31.0,70,True,0.7340092165898617
ppo,hesitant,34,127.66108711966461,12,12,2,2,2,2,10,3,17,4,0,22,0,34.0,70,True,0.7278571428571428
ppo,hesitant,31,113.13833407627578,12,12,2,1,2,4,9,7,15,2,0,18,1,31.0,70,True,0.6340092165898618
ppo,hesitant,31,135.70356741517017,12,12,2,2,2,4,9,7,15,3,0,18,1,31.0,70,True,0.7340092165898617
ppo,hesitant,32,128.66606739431367,12,12,2,2,2,4,9,7,16,3,0,19,1,32.0,70,True,0.7335714285714285
ppo,hesitant,31,120.52988895349631,12,12,2,2,2,4,9,7,15,2,0,18,1,31.0,70,True,0.7340092165898617
ppo,hesitant,32,132.01703661382533,12,12,2,2,2,4,9,7,16,3,0,19,1,32.0,70,True,0.7335714285714285
ppo,hesitant,31,107.44966433404963,12,12,2,1,2,4,9,7,15,3,0,18,1,31.0,70,True,0.6340092165898618
ppo,hesitant,33,112.16891223065966,12,12,2,1,2,3,9,5,16,4,0,21,0,33.0,70,True,0.6284415584415584
ppo,hesitant,31,124.83863398673988,12,12,2,2,2,4,8,7,15,2,0,19,0,31.0,70,True,0.7340092165898617
ppo,hesitant,31,127.23843909596496,12,12,2,2,2,3,9,5,16,4,0,19,0,31.0,70,True,0.7388479262672811
ppo,hesitant,31,127.1149984113321,12,12,2,2,2,4,9,7,15,3,0,18,1,31.0,70,True,0.7340092165898617
ppo,hesitant,34,132.95692327231677,12,12,2,2,2,3,10,5,17,4,0,21,1,34.0,70,True,0.7278571428571428
ppo,hesitant,31,131.46125769513492,12,12,2,2,2,4,9,7,15,3,0,18,1,31.0,70,True,0.7340092165898617
ppo,hesitant,32,99.21797012972957,12,12,2,1,2,3,9,5,16,3,0,20,0,32.0,70,True,0.6335714285714286
ppo,hesitant,31,128.28809963111485,12,12,2,2,2,3,9,5,16,3,0,19,0,31.0,70,True,0.7388479262672811
ppo,hesitant,32,107.52862830146753,12,12,2,1,2,4,9,7,16,3,0,19,1,32.0,70,True,0.6335714285714286
ppo,hesitant,32,134.55891324165216,12,12,2,2,2,3,9,5,16,3,0,20,0,32.0,70,True,0.7335714285714285
ppo,hesitant,31,112.86138898150497,12,12,2,1,2,3,9,5,16,4,0,19,0,31.0,70,True,0.638847926267281
ppo,hesitant,34,118.73889412070523,12,12,2,2,2,3,10,5,17,4,0,21,1,34.0,70,True,0.7278571428571428
ppo,hesitant,33,133.55248244498057,12,12,2,2,2,3,9,5,16,3,0,21,0,33.0,70,True,0.7284415584415584
ppo,hesitant,31,106.72694288565842,12,12,2,1,2,4,9,7,15,2,0,18,1,31.0,70,True,0.6340092165898618
ppo,hesitant,34,128.8156984339307,12,12,2,2,2,3,10,5,17,4,0,21,1,34.0,70,True,0.7278571428571428
ppo,hesitant,31,122.35599037083377,12,12,2,2,2,4,9,7,15,3,0,18,1,31.0,70,True,0.7340092165898617
ppo,hesitant,31,131.03224819109744,12,12,2,2,2,4,9,7,15,3,0,18,1,31.0,70,True,0.7340092165898617
ppo,hesitant,31,110.16661046456395,12,12,2,1,2,4,9,7,15,2,0,18,1,31.0,70,True,0.6340092165898618
ppo,hesitant,31,135.34766521370227,12,12,2,2,2,4,9,7,15,2,0,18,1,31.0,70,True,0.7340092165898617
ppo,hesitant,30,129.9713971389156,12,12,2,2,2,4,8,7,15,2,0,18,0,30.0,70,True,0.7392857142857143
ppo,hesitant,33,122.84446378722387,12,12,2,2,2,3,10,5,16,3,0,20,1,33.0,70,True,0.7284415584415584
ppo,hesitant,32,98.62957348214115,12,12,2,1,2,4,9,7,16,4,0,19,1,32.0,70,True,0.6335714285714286
ppo,hesitant,31,131.12900522483932,12,12,2,2,2,4,9,7,15,2,0,18,1,31.0,70,True,0.7340092165898617
ppo,hesitant,32,109.12687522765808,12,12,2,1,2,4,9,7,16,3,0,19,1,32.0,70,True,0.6335714285714286
ppo,hesitant,30,126.86808944460498,12,12,2,2,2,4,8,7,15,2,0,18,0,30.0,70,True,0.7392857142857143
ppo,hesitant,31,131.73956045277777,12,12,2,2,2,4,9,7,15,2,0,18,1,31.0,70,True,0.7340092165898617
ppo,hesitant,31,135.97552539709082,12,12,2,2,2,4,8,7,15,2,0,19,0,31.0,70,True,0.7340092165898617
ppo,erratic,39,104.7785127470634,12,12,2,1,2,2,11,3,17,4,0,26,1,39.0,70,True,0.603956043956044
ppo,erratic,33,117.53180619933451,12,12,2,2,2,3,10,5,16,3,0,20,1,33.0,70,True,0.7284415584415584
ppo,erratic,39,109.5092197139402,12,12,2,1,2,2,11,3,17,4,0,26,1,39.0,70,True,0.603956043956044
ppo,erratic,39,125.71327028459642,12,12,2,2,2,2,11,3,17,4,0,26,1,39.0,70,True,0.7039560439560439
ppo,erratic,32,118.15101613260339,12,12,2,2,2,4,9,7,16,4,0,19,1,32.0,70,True,0.7335714285714285
ppo,erratic,34,100.7449920904655,12,12,2,1,2,3,10,5,16,5,0,21,1,34.0,70,True,0.6234453781512604
ppo,erratic,31,128.95901189134128,12,12,2,2,2,3,9,5,16,4,0,19,0,31.0,70,True,0.7388479262672811
ppo,erratic,34,108.35407193055616,12,12,2,1,2,2,10,3,17,4,0,22,0,34.0,70,True,0.6278571428571428
ppo,erratic,34,101.76109481879061,12,12,2,1,2,3,10,5,17,4,0,21,1,34.0,70,True,0.6278571428571428
ppo,erratic,39,98.4413923852534,12,12,2,1,2,2,11,3,17,4,0,26,1,39.0,70,True,0.603956043956044
ppo,erratic,32,137.20729560069003,12,12,2,2,2,4,9,7,16,4,0,19,1,32.0,70,True,0.7335714285714285
ppo,erratic,39,100.18546776888944,12,12,2,1,2,2,11,3,17,5,0,26,1,39.0,70,True,0.603956043956044
ppo,erratic,29,129.66063943194015,12,12,2,2,2,5,8,9,13,3,0,16,1,29.0,70,True,0.7343842364532018
ppo,erratic,36,126.60622500593641,12,12,2,2,2,2,10,3,17,5,0,24,0,36.0,70,True,0.7179761904761905
ppo,erratic,39,111.60167417155986,12,12,2,1,2,2,11,3,17,4,0,26,1,39.0,70,True,0.603956043956044
ppo,erratic,35,108.68946835136299,12,12,2,1,2,2,10,3,17,5,0,23,0,35.0,70,True,0.6228571428571428
ppo,erratic,39,103.1081772720175,12,12,2,1,2,2,11,3,17,4,0,26,1,39.0,70,True,0.603956043956044
ppo,erratic,48,110.34447552815196,12,12,2,1,2,2,10,3,17,4,0,36,0,48.0,70,True,0.5659821428571428
ppo,erratic,33,136.16356741517018,12,12,2,2,2,3,9,5,17,4,0,21,0,33.0,70,True,0.7329870129870129
ppo,erratic,39,104.87949223415482,12,12,2,1,2,2,11,3,17,4,0,26,1,39.0,70,True,0.603956043956044
ppo,erratic,39,119.20667447336564,12,12,2,2,2,2,11,3,17,5,0,26,1,39.0,70,True,0.7039560439560439
ppo,erratic,51,113.2802220324566,12,12,2,1,2,2,10,3,16,5,0,39,0,51.0,70,True,0.551344537815126
ppo,erratic,34,107.18861428041589,12,12,2,1,2,2,10,3,17,4,0,22,0,34.0,70,True,0.6278571428571428
ppo,erratic,57,105.8405983022628,12,12,2,1,2,2,10,3,16,5,0,45,0,57.0,70,True,0.5292481203007519
ppo,erratic,37,124.21863398673986,12,12,2,2,2,2,10,3,16,5,0,25,0,37.0,70,True,0.7091505791505792
ppo,erratic,38,100.73111318122125,12,12,2,1,2,2,10,3,17,4,0,26,0,38.0,70,True,0.6085338345864661
ppo,erratic,33,127.47499841133211,12,12,2,2,2,3,10,5,16,3,0,20,1,33.0,70,True,0.7284415584415584
ppo,erratic,39,106.09648776263006,12,12,2,1,2,2,11,3,17,4,0,26,1,39.0,70,True,0.603956043956044
ppo,erratic,39,108.75709486967963,12,12,2,1,2,2,11,3,17,5,0,26,1,39.0,70,True,0.603956043956044
ppo,erratic,53,94.49163841592602,12,12,2,1,2,2,10,3,18,5,0,41,0,53.0,70,True,0.5495148247978436
ppo,erratic,34,128.32809963111484,12,12,2,2,2,3,9,5,17,4,0,22,0,34.0,70,True,0.7278571428571428
ppo,erratic,42,105.99310210534966,12,12,2,1,2,2,10,3,17,4,0,30,0,42.0,70,True,0.5907142857142857
ppo,erratic,39,133.63319745109982,12,12,2,2,2,2,11,3,17,5,0,26,1,39.0,70,True,0.7039560439560439
ppo,erratic,39,110.2756823895585,12,12,2,1,2,2,11,3,17,4,0,26,1,39.0,70,True,0.603956043956044
ppo,erratic,39,117.40010179087376,12,12,2,2,2,2,11,3,17,4,0,26,1,39.0,70,True,0.7039560439560439
ppo,erratic,37,133.57248244498055,12,12,2,2,2,2,10,3,17,4,0,25,0,37.0,70,True,0.7132046332046331
ppo,erratic,31,106.82694288565843,12,12,2,1,2,3,9,5,16,3,0,19,0,31.0,70,True,0.638847926267281
ppo,erratic,42,106.91640608703591,12,12,2,1,2,2,11,3,17,4,0,29,1,42.0,70,True,0.5907142857142857
ppo,erratic,29,121.99599037083377,12,12,2,2,2,5,7,8,14,3,0,17,0,29.0,70,True,0.7395566502463053
ppo,erratic,39,106.33498370141669,12,12,2,1,2,2,11,3,17,4,0,26,1,39.0,70,True,0.603956043956044
ppo,erratic,46,106.67128360080002,12,12,2,1,2,2,10,3,17,5,0,34,0,46.0,70,True,0.5740062111801242
ppo,erratic,39,112.93135823914982,12,12,2,1,2,2,10,3,18,5,0,27,0,39.0,70,True,0.6078021978021978
ppo,erratic,32,130.0313971389156,12,12,2,2,2,3,9,5,16,3,0,20,0,32.0,70,True,0.7335714285714285
ppo,erratic,39,121.49637995334885,12,12,2,2,2,2,11,3,17,5,0,26,1,39.0,70,True,0.7039560439560439
ppo,erratic,33,98.68787996153006,12,12,2,1,2,3,9,5,16,3,0,21,0,33.0,70,True,0.6284415584415584
ppo,erratic,40,109.13066999702987,12,12,2,1,2,2,11,3,18,5,0,27,1,40.0,70,True,0.6032142857142857
ppo,erratic,39,106.84987180759094,12,12,2,1,2,2,11,3,17,4,0,26,1,39.0,70,True,0.603956043956044
ppo,erratic,36,126.94808944460493,12,12,2,2,2,2,10,3,17,4,0,24,0,36.0,70,True,0.7179761904761905
ppo,erratic,39,130.54712724370472,12,12,2,2,2,2,11,3,17,4,0,26,1,39.0,70,True,0.7039560439560439
ppo,erratic,38,110.8051081967167,12,12,2,1,2,2,10,3,17,4,0,26,0,38.0,70,True,0.6085338345864661
specialist,average,28,131.83653830925735,12,12,2,2,2,4,8,7,16,4,0,16,0,28.0,70,True,0.7557142857142858
specialist,average,27,116.8142407152362,12,12,2,2,2,5,7,9,14,4,0,15,0,27.0,70,True,0.7506349206349205
specialist,average,28,130.71682647582622,12,12,2,2,2,6,6,8,12,3,0,16,0,28.0,70,True,0.7342857142857142
specialist,average,28,126.06216219852277,12,12,2,2,2,6,6,8,13,2,0,16,0,28.0,70,True,0.739642857142857
specialist,average,27,118.15805883881957,12,12,2,2,2,5,7,9,14,3,0,15,0,27.0,70,True,0.7506349206349205
specialist,average,28,132.825537132102,12,12,2,2,2,6,6,8,12,3,0,16,0,28.0,70,True,0.7342857142857142
specialist,average,28,127.81901189134129,12,12,2,2,2,5,7,7,13,3,0,16,0,28.0,70,True,0.739642857142857
specialist,average,33,106.48726799959175,12,12,2,1,2,2,10,3,14,5,0,21,0,33.0,70,True,0.6193506493506493
specialist,average,28,130.52773723108834,12,12,2,2,2,6,6,8,13,2,0,16,0,28.0,70,True,0.739642857142857
specialist,average,28,120.26827279593697,12,12,2,2,2,5,7,9,15,4,0,16,0,28.0,70,True,0.7503571428571427
specialist,average,27,137.01571942960487,12,12,2,2,2,6,6,8,13,3,0,15,0,27.0,70,True,0.745079365079365
specialist,average,28,125.45477872261417,12,12,2,2,2,6,6,8,12,3,0,16,0,28.0,70,True,0.7342857142857142
specialist,average,27,128.9653296629067,12,12,2,2,2,6,6,8,11,3,0,15,0,27.0,70,True,0.7339682539682539
specialist,average,26,125.8062250059364,12,12,2,2,2,6,6,8,13,3,0,14,0,26.0,70,True,0.7507142857142857
specialist,average,28,137.07867379656727,12,12,2,2,2,6,6,8,12,3,0,16,0,28.0,70,True,0.7342857142857142
specialist,average,28,132.61396717480233,12,12,2,2,2,6,6,8,11,3,0,16,0,28.0,70,True,0.7289285714285714
specialist,average,27,125.10108711966463,12,12,2,2,2,6,6,8,11,4,0,15,0,27.0,70,True,0.7339682539682539
specialist,average,29,141.8225802513747,12,12,2,2,2,6,6,8,13,4,0,17,0,29.0,70,True,0.7343842364532018
specialist,average,28,134.26356741517017,12,12,2,2,2,6,6,8,12,3,0,16,0,28.0,70,True,0.7342857142857142
specialist,average,27,128.36606739431366,12,12,2,2,2,5,7,9,15,3,0,15,0,27.0,70,True,0.7561904761904763
specialist,average,27,119.9098889534963,12,12,2,2,2,5,7,9,14,3,0,15,0,27.0,70,True,0.7506349206349205
specialist,average,29,131.37703661382528,12,12,2,2,2,5,7,9,15,4,0,17,0,29.0,70,True,0.7447290640394089
specialist,average,27,137.9916991333721,12,12,2,2,2,5,7,9,14,4,0,15,0,27.0,70,True,0.7506349206349205
specialist,average,27,143.20801098004864,12,12,2,2,2,5,7,9,14,3,0,15,0,27.0,70,True,0.7506349206349205
specialist,average,28,122.69863398673988,12,12,2,2,2,6,6,8,11,3,0,16,0,28.0,70,True,0.7289285714285714
specialist,average,28,126.39843909596497,12,12,2,2,2,6,6,8,13,3,0,16,0,28.0,70,True,0.739642857142857
specialist,average,27,125.6949984113321,12,12,2,2,2,6,6,8,12,3,0,15,0,27.0,70,True,0.7395238095238095
specialist,average,29,132.95692327231677,12,12,2,2,2,4,8,7,16,3,0,17,0,29.0,70,True,0.7499014778325122
specialist,average,28,130.7212576951349,12,12,2,2,2,6,6,8,13,3,0,16,0,28.0,70,True,0.739642857142857
specialist,average,28,126.8090308787445,12,12,2,2,2,5,8,9,14,3,0,15,1,28.0,70,True,0.7449999999999999
specialist,average,28,125.74809963111483,12,12,2,2,2,6,6,8,11,4,0,16,0,28.0,70,True,0.7289285714285714
specialist,average,27,140.06231837618688,12,12,2,2,2,5,7,9,15,4,0,15,0,27.0,70,True,0.7561904761904763
specialist,average,29,133.91891324165215,12,12,2,2,2,5,7,9,15,4,0,17,0,29.0,70,True,0.7447290640394089
specialist,average,28,141.7385480671089,12,12,2,2,2,6,6,8,12,3,0,16,0,28.0,70,True,0.7342857142857142
specialist,average,29,119.03889412070521,12,12,2,2,2,4,8,7,16,2,0,17,0,29.0,70,True,0.7499014778325122
specialist,average,28,133.35248244498055,12,12,2,2,2,5,7,9,16,4,0,16,0,28.0,70,True,0.7557142857142858
specialist,average,28,134.50169493541398,12,12,2,2,2,6,6,8,13,3,0,16,0,28.0,70,True,0.739642857142857
specialist,average,28,129.62943371063866,12,12,2,2,2,5,7,9,16,3,0,16,0,28.0,70,True,0.7557142857142858
specialist,average,28,120.51599037083375,12,12,2,2,2,6,6,8,11,3,0,16,0,28.0,70,True,0.7289285714285714
specialist,average,29,129.27224819109745,12,12,2,2,2,6,6,8,12,4,0,17,0,29.0,70,True,0.7292118226600985
specialist,average,28,136.53502040463826,12,12,2,2,2,6,6,8,11,3,0,16,0,28.0,70,True,0.7289285714285714
specialist,average,30,134.2676652137023,12,12,2,2,2,6,6,8,13,3,0,18,0,30.0,70,True,0.7292857142857143
specialist,average,27,129.4313971389156,12,12,2,2,2,5,7,9,15,4,0,15,0,27.0,70,True,0.7561904761904763
specialist,average,27,121.46446378722388,12,12,2,2,2,5,7,9,13,4,0,15,0,27.0,70,True,0.745079365079365
specialist,average,27,127.60844217225022,12,12,2,2,2,6,6,8,12,2,0,15,0,27.0,70,True,0.7395238095238095
specialist,average,28,129.78900522483931,12,12,2,2,2,5,7,7,13,3,0,16,0,28.0,70,True,0.739642857142857
specialist,average,27,137.75222300227978,12,12,2,2,2,5,7,9,15,4,0,15,0,27.0,70,True,0.7561904761904763
specialist,average,30,125.06808944460496,12,12,2,2,2,6,6,8,12,3,0,18,0,30.0,70,True,0.7242857142857142
specialist,average,27,131.51956045277777,12,12,2,2,2,5,7,9,15,3,0,15,0,27.0,70,True,0.7561904761904763
specialist,average,28,135.73552539709084,12,12,2,2,2,5,7,9,15,3,0,16,0,28.0,70,True,0.7503571428571427
specialist,fast,26,130.57653830925733,12,12,2,2,2,6,6,8,12,3,0,14,0,26.0,70,True,0.7449450549450549
specialist,fast,25,114.25424071523618,12,12,2,2,2,6,6,8,9,5,0,13,0,25.0,70,True,0.7325714285714287
specialist,fast,26,128.3568264758262,12,12,2,2,2,6,6,10,9,4,0,14,0,26.0,70,True,0.7276373626373627
specialist,fast,25,121.62216219852277,12,12,2,2,2,6,6,10,7,4,0,13,0,25.0,70,True,0.7205714285714286
specialist,fast,26,114.57805883881957,12,12,2,2,2,6,6,8,8,5,0,14,0,26.0,70,True,0.7218681318681319
specialist,fast,27,130.34553713210198,12,12,2,2,2,6,6,8,8,4,0,15,0,27.0,70,True,0.7173015873015873
specialist,fast,27,124.23901189134128,12,12,2,2,2,6,6,10,7,4,0,15,0,27.0,70,True,0.7117460317460318
specialist,fast,25,135.34254172954562,12,12,2,2,2,6,6,8,10,4,0,13,0,25.0,70,True,0.7385714285714284
specialist,fast,26,127.76773723108835,12,12,2,2,2,6,6,8,9,4,0,14,0,26.0,70,True,0.7276373626373627
specialist,fast,26,114.50827279593696,12,12,2,2,2,6,6,8,5,4,0,14,0,26.0,70,True,0.7045604395604395
specialist,fast,27,133.51571942960487,12,12,2,2,2,6,6,10,8,4,0,15,0,27.0,70,True,0.7173015873015873
specialist,fast,26,121.99477872261416,12,12,2,2,2,6,6,10,7,5,0,14,0,26.0,70,True,0.7160989010989012
specialist,fast,25,126.20532966290668,12,12,2,2,2,6,6,10,7,4,0,13,0,25.0,70,True,0.7205714285714286
specialist,fast,26,122.00622500593639,12,12,2,2,2,6,6,10,8,5,0,14,0,26.0,70,True,0.7218681318681319
specialist,fast,26,133.61867379656726,12,12,2,2,2,6,6,10,7,4,0,14,0,26.0,70,True,0.7160989010989012
specialist,fast,26,130.5539671748023,12,12,2,2,2,6,6,10,8,4,0,14,0,26.0,70,True,0.7218681318681319
specialist,fast,26,124.72108711966462,12,12,2,2,2,6,6,8,10,4,0,14,0,26.0,70,True,0.7334065934065934
specialist,fast,26,139.98258025137466,12,12,2,2,2,6,6,8,9,4,0,14,0,26.0,70,True,0.7276373626373627
specialist,fast,25,129.72356741517018,12,12,2,2,2,6,6,8,5,4,0,13,0,25.0,70,True,0.7085714285714286
specialist,fast,25,123.70606739431366,12,12,2,2,2,6,6,10,7,4,0,13,0,25.0,70,True,0.7205714285714286
specialist,fast,26,115.6298889534963,12,12,2,2,2,6,6,10,7,4,0,14,0,26.0,70,True,0.7160989010989012
specialist,fast,26,129.13703661382527,12,12,2,2,2,6,6,8,10,4,0,14,0,26.0,70,True,0.7334065934065934
specialist,fast,26,134.0116991333721,12,12,2,2,2,6,6,10,7,4,0,14,0,26.0,70,True,0.7160989010989012
specialist,fast,26,140.0280109800486,12,12,2,2,2,6,6,8,9,5,0,14,0,26.0,70,True,0.7276373626373627
specialist,fast,25,119.65863398673986,12,12,2,2,2,6,6,10,7,5,0,13,0,25.0,70,True,0.7205714285714286
specialist,fast,26,123.63843909596497,12,12,2,2,2,6,6,8,9,5,0,14,0,26.0,70,True,0.7276373626373627
specialist,fast,25,122.63499841133209,12,12,2,2,2,6,6,10,8,5,0,13,0,25.0,70,True,0.7265714285714286
specialist,fast,25,130.43692327231676,12,12,2,2,2,6,6,8,11,4,0,13,0,25.0,70,True,0.7445714285714284
specialist,fast,27,126.5412576951349,12,12,2,2,2,6,6,10,7,5,0,15,0,27.0,70,True,0.7117460317460318
specialist,fast,26,125.93412253601011,12,12,2,2,2,6,6,8,10,4,0,14,0,26.0,70,True,0.7334065934065934
specialist,fast,26,124.08809963111483,12,12,2,2,2,6,6,7,9,6,0,14,0,26.0,70,True,0.7276373626373627
specialist,fast,26,135.38231837618684,12,12,2,2,2,6,6,10,7,5,0,14,0,26.0,70,True,0.7160989010989012
specialist,fast,27,131.65891324165216,12,12,2,2,2,6,6,8,10,4,0,15,0,27.0,70,True,0.7284126984126984
specialist,fast,26,140.6785480671089,12,12,2,2,2,6,6,8,10,4,0,14,0,26.0,70,True,0.7334065934065934
specialist,fast,26,114.09889412070521,12,12,2,2,2,6,6,10,8,4,0,14,0,26.0,70,True,0.7218681318681319
specialist,fast,26,128.69248244498056,12,12,2,2,2,6,6,10,8,5,0,14,0,26.0,70,True,0.7218681318681319
specialist,fast,26,131.741694935414,12,12,2,2,2,6,6,8,9,5,0,14,0,26.0,70,True,0.7276373626373627
specialist,fast,26,127.36943371063867,12,12,2,2,2,6,6,8,11,3,0,14,0,26.0,70,True,0.7391758241758242
specialist,fast,26,117.75599037083374,12,12,2,2,2,6,6,10,7,4,0,14,0,26.0,70,True,0.7160989010989012
specialist,fast,25,126.15224819109744,12,12,2,2,2,6,6,10,7,5,0,13,0,25.0,70,True,0.7205714285714286
specialist,fast,26,133.47502040463826,12,12,2,2,2,6,6,10,7,5,0,14,0,26.0,70,True,0.7160989010989012
specialist,fast,26,130.44766521370227,12,12,2,2,2,6,6,10,7,4,0,14,0,26.0,70,True,0.7160989010989012
specialist,fast,25,125.07139713891559,12,12,2,2,2,6,6,10,7,4,0,13,0,25.0,70,True,0.7205714285714286
specialist,fast,26,119.98446378722386,12,12,2,2,2,6,6,8,10,4,0,14,0,26.0,70,True,0.7334065934065934
specialist,fast,26,124.52844217225022,12,12,2,2,2,6,6,10,8,4,0,14,0,26.0,70,True,0.7218681318681319
specialist,fast,27,126.2090052248393,12,12,2,2,2,6,6,10,7,4,0,15,0,27.0,70,True,0.7117460317460318
specialist,fast,26,134.87222300227978,12,12,2,2,2,6,6,8,10,5,0,14,0,26.0,70,True,0.7334065934065934
specialist,fast,27,122.32808944460496,12,12,2,2,2,6,6,10,8,4,0,15,0,27.0,70,True,0.7173015873015873
specialist,fast,26,129.63956045277774,12,12,2,2,2,6,6,8,11,3,0,14,0,26.0,70,True,0.7391758241758242
specialist,fast,27,130.75552539709082,12,12,2,2,2,6,6,10,7,5,0,15,0,27.0,70,True,0.7117460317460318
specialist,slow,40,105.31045854074844,12,12,2,1,2,2,10,3,17,4,0,28,0,40.0,70,True,0.5994642857142857
specialist,slow,31,118.83424071523618,12,12,2,2,2,4,9,7,17,1,0,18,1,31.0,70,True,0.7436866359447005
specialist,slow,33,132.6168264758262,12,12,2,2,2,2,10,3,17,4,0,21,0,33.0,70,True,0.7329870129870129
specialist,slow,40,126.82216219852275,12,12,2,2,2,2,10,3,17,4,0,28,0,40.0,70,True,0.6994642857142856
specialist,slow,31,119.87805883881957,12,12,2,2,2,3,9,5,17,2,0,19,0,31.0,70,True,0.7436866359447005
specialist,slow,31,103.70431963692889,12,12,2,1,2,4,9,7,17,1,0,18,1,31.0,70,True,0.6436866359447004
specialist,slow,37,129.93901189134132,12,12,2,2,2,4,8,6,18,3,0,25,0,37.0,70,True,0.7172586872586872
specialist,slow,65,101.12499379045302,12,12,2,1,2,2,10,3,17,4,0,53,0,65.0,70,True,0.5035164835164835
specialist,slow,34,101.5610948187906,12,12,2,1,2,3,9,5,18,2,0,22,0,34.0,70,True,0.6322689075630251
specialist,slow,44,98.94070780549828,12,12,2,1,2,2,10,3,17,4,0,32,0,44.0,70,True,0.5822402597402597
specialist,slow,30,138.95571942960487,12,12,2,2,2,3,9,5,18,3,0,18,0,30.0,70,True,0.7542857142857142
specialist,slow,33,127.95477872261417,12,12,2,2,2,4,9,7,17,1,0,20,1,33.0,70,True,0.7329870129870129
specialist,slow,30,130.67187936544588,12,12,2,2,2,4,9,7,17,1,0,17,1,30.0,70,True,0.7492857142857143
specialist,slow,34,126.5462250059364,12,12,2,2,2,3,9,5,16,4,0,22,0,34.0,70,True,0.7234453781512604
specialist,slow,33,139.37867379656728,12,12,2,2,2,4,8,7,18,3,0,21,0,33.0,70,True,0.7375324675324675
specialist,slow,34,109.18088191708446,12,12,2,1,2,2,10,3,17,4,0,22,0,34.0,70,True,0.6278571428571428
specialist,slow,33,127.68108711966462,12,12,2,2,2,2,10,3,17,4,0,21,0,33.0,70,True,0.7329870129870129
specialist,slow,33,83.54,12,12,2,0,2,4,9,7,17,1,0,20,1,33.0,70,True,0.5329870129870129
specialist,slow,33,136.06356741517016,12,12,2,2,2,3,9,5,16,3,0,21,0,33.0,70,True,0.7284415584415584
specialist,slow,41,105.86254959927783,12,12,2,1,2,2,10,3,17,4,0,29,0,41.0,70,True,0.5950522648083624
specialist,slow,31,121.32988895349631,12,12,2,2,2,4,9,7,17,1,0,18,1,31.0,70,True,0.7436866359447005
specialist,slow,36,131.93703661382528,12,12,2,2,2,3,9,5,16,3,0,24,0,36.0,70,True,0.7138095238095239
specialist,slow,31,108.78334768526088,12,12,2,1,2,4,9,7,17,1,0,18,1,31.0,70,True,0.6436866359447004
specialist,slow,35,112.06655273662659,12,12,2,1,2,2,10,3,17,4,0,23,0,35.0,70,True,0.6228571428571428
specialist,slow,34,124.97863398673987,12,12,2,2,2,2,10,3,17,4,0,22,0,34.0,70,True,0.7278571428571428
specialist,slow,33,127.29843909596497,12,12,2,2,2,2,10,3,17,5,0,21,0,33.0,70,True,0.7329870129870129
specialist,slow,34,101.63312217825496,12,12,2,1,2,3,9,5,16,4,0,22,0,34.0,70,True,0.6234453781512604
specialist,slow,41,106.84801820565781,12,12,2,1,2,2,10,3,17,4,0,29,0,41.0,70,True,0.5950522648083624
specialist,slow,32,132.5412576951349,12,12,2,2,2,4,9,7,17,1,0,19,1,32.0,70,True,0.7382589285714285
specialist,slow,33,99.18338290526273,12,12,2,1,2,3,9,5,18,2,0,21,0,33.0,70,True,0.6375324675324675
specialist,slow,31,129.38809963111484,12,12,2,2,2,3,9,5,18,2,0,19,0,31.0,70,True,0.7485253456221197
specialist,slow,33,106.93398451425958,12,12,2,1,2,2,10,3,15,4,0,21,0,33.0,70,True,0.6238961038961038
specialist,slow,41,114.72386632780841,12,12,2,1,2,2,10,3,17,4,0,29,0,41.0,70,True,0.5950522648083624
specialist,slow,35,112.93382773372115,12,12,2,1,2,4,8,6,17,3,0,23,0,35.0,70,True,0.6228571428571428
specialist,slow,48,99.38789198684708,12,12,2,1,2,2,10,3,17,4,0,36,0,48.0,70,True,0.5659821428571428
specialist,slow,41,110.73226189558248,12,12,2,1,2,2,10,3,17,5,0,29,0,41.0,70,True,0.5950522648083624
specialist,slow,31,136.741694935414,12,12,2,2,2,3,9,5,18,2,0,19,0,31.0,70,True,0.7485253456221197
specialist,slow,42,108.28086798003997,12,12,2,1,2,2,10,3,17,4,0,30,0,42.0,70,True,0.5907142857142857
specialist,slow,32,123.43599037083376,12,12,2,2,2,4,9,7,17,1,0,19,1,32.0,70,True,0.7382589285714285
specialist,slow,31,131.1436730055526,12,12,2,2,2,4,9,7,17,1,0,18,1,31.0,70,True,0.7436866359447005
specialist,slow,31,139.47502040463826,12,12,2,2,2,4,9,7,17,1,0,18,1,31.0,70,True,0.7436866359447005
specialist,slow,35,135.46766521370228,12,12,2,2,2,2,10,3,17,4,0,23,0,35.0,70,True,0.7228571428571429
specialist,slow,33,130.01139713891558,12,12,2,2,2,3,10,5,16,3,0,20,1,33.0,70,True,0.7284415584415584
specialist,slow,34,122.82446378722388,12,12,2,2,2,3,9,5,16,3,0,22,0,34.0,70,True,0.7234453781512604
specialist,slow,31,99.97126700275223,12,12,2,1,2,3,9,5,18,2,0,19,0,31.0,70,True,0.6485253456221197
specialist,slow,42,110.049931805375,12,12,2,1,2,2,10,3,17,4,0,30,0,42.0,70,True,0.5907142857142857
specialist,slow,31,139.47222300227978,12,12,2,2,2,3,9,5,18,2,0,19,0,31.0,70,True,0.7485253456221197
specialist,slow,33,127.00808944460496,12,12,2,2,2,2,10,3,17,4,0,21,0,33.0,70,True,0.7329870129870129
specialist,slow,33,131.59956045277772,12,12,2,2,2,2,10,3,17,5,0,21,0,33.0,70,True,0.7329870129870129
specialist,slow,37,110.98451081358867,12,12,2,1,2,2,10,3,17,4,0,25,0,37.0,70,True,0.6132046332046331
specialist,expert,26,123.57653830925733,12,12,2,2,2,6,6,7,2,6,0,14,0,26.0,70,True,0.6872527472527472
specialist,expert,26,109.63424071523617,12,12,2,2,2,6,6,7,2,6,0,14,0,26.0,70,True,0.6872527472527472
specialist,expert,26,124.0568264758262,12,12,2,2,2,6,6,7,2,6,0,14,0,26.0,70,True,0.6872527472527472
specialist,expert,26,118.40216219852277,12,12,2,2,2,6,6,7,2,6,0,14,0,26.0,70,True,0.6872527472527472
specialist,expert,26,110.67805883881957,12,12,2,2,2,6,6,7,2,6,0,14,0,26.0,70,True,0.6872527472527472
specialist,expert,26,125.86553713210199,12,12,2,2,2,6,6,7,2,6,0,14,0,26.0,70,True,0.6872527472527472
specialist,expert,26,120.75901189134127,12,12,2,2,2,6,6,7,2,6,0,14,0,26.0,70,True,0.6872527472527472
specialist,expert,26,129.7225417295456,12,12,2,2,2,6,6,7,2,6,0,14,0,26.0,70,True,0.6872527472527472
specialist,expert,26,122.86773723108834,12,12,2,2,2,6,6,7,2,6,0,14,0,26.0,70,True,0.6872527472527472
specialist,expert,26,112.40827279593695,12,12,2,2,2,6,6,7,2,6,0,14,0,26.0,70,True,0.6872527472527472
specialist,expert,26,129.63571942960488,12,12,2,2,2,6,6,7,2,6,0,14,0,26.0,70,True,0.6872527472527472
specialist,expert,26,119.49477872261416,12,12,2,2,2,6,6,7,3,6,0,14,0,26.0,70,True,0.693021978021978
specialist,expert,26,122.6853296629067,12,12,2,2,2,6,6,7,2,6,0,14,0,26.0,70,True,0.6872527472527472
specialist,expert,26,119.5062250059364,12,12,2,2,2,6,6,7,4,6,0,14,0,26.0,70,True,0.6987912087912087
specialist,expert,26,130.11867379656726,12,12,2,2,2,6,6,7,2,6,0,14,0,26.0,70,True,0.6872527472527472
specialist,expert,26,126.3539671748023,12,12,2,2,2,6,6,7,2,6,0,14,0,26.0,70,True,0.6872527472527472
specialist,expert,26,119.12108711966462,12,12,2,2,2,6,6,7,2,6,0,14,0,26.0,70,True,0.6872527472527472
specialist,expert,26,135.08258025137465,12,12,2,2,2,6,6,7,2,6,0,14,0,26.0,70,True,0.6872527472527472
specialist,expert,26,127.60356741517016,12,12,2,2,2,6,6,7,2,6,0,14,0,26.0,70,True,0.6872527472527472
specialist,expert,26,120.88606739431364,12,12,2,2,2,6,6,7,3,6,0,14,0,26.0,70,True,0.693021978021978
specialist,expert,26,112.1298889534963,12,12,2,2,2,6,6,7,2,6,0,14,0,26.0,70,True,0.6872527472527472
specialist,expert,26,124.9370366138253,12,12,2,2,2,6,6,9,4,6,0,14,0,26.0,70,True,0.6987912087912087
specialist,expert,26,130.51169913337208,12,12,2,2,2,6,6,7,2,6,0,14,0,26.0,70,True,0.6872527472527472
specialist,expert,26,135.4280109800486,12,12,2,2,2,6,6,7,2,6,0,14,0,26.0,70,True,0.6872527472527472
specialist,expert,26,116.43863398673986,12,12,2,2,2,6,6,7,2,6,0,14,0,26.0,70,True,0.6872527472527472
specialist,expert,26,119.03843909596496,12,12,2,2,2,6,6,7,2,6,0,14,0,26.0,70,True,0.6872527472527472
specialist,expert,26,119.01499841133209,12,12,2,2,2,6,6,7,2,6,0,14,0,26.0,70,True,0.6872527472527472
specialist,expert,26,124.81692327231676,12,12,2,2,2,6,6,7,3,6,0,14,0,26.0,70,True,0.693021978021978
specialist,expert,26,123.36125769513491,12,12,2,2,2,6,6,7,2,6,0,14,0,26.0,70,True,0.6872527472527472
specialist,expert,26,120.33412253601011,12,12,2,2,2,6,6,7,2,6,0,14,0,26.0,70,True,0.6872527472527472
specialist,expert,26,119.78809963111485,12,12,2,2,2,6,6,7,2,6,0,14,0,26.0,70,True,0.6872527472527472
specialist,expert,26,132.18231837618686,12,12,2,2,2,6,6,7,2,6,0,14,0,26.0,70,True,0.6872527472527472
specialist,expert,26,126.77891324165216,12,12,2,2,2,6,6,7,3,6,0,14,0,26.0,70,True,0.693021978021978
specialist,expert,26,135.0785480671089,12,12,2,2,2,6,6,7,2,6,0,14,0,26.0,70,True,0.6872527472527472
specialist,expert,26,110.1988941207052,12,12,2,2,2,6,6,7,2,6,0,14,0,26.0,70,True,0.6872527472527472
specialist,expert,26,125.09248244498055,12,12,2,2,2,6,6,7,2,6,0,14,0,26.0,70,True,0.6872527472527472
specialist,expert,26,127.14169493541398,12,12,2,2,2,6,6,7,2,6,0,14,0,26.0,70,True,0.6872527472527472
specialist,expert,26,121.06943371063866,12,12,2,2,2,6,6,7,2,6,0,14,0,26.0,70,True,0.6872527472527472
specialist,expert,26,114.25599037083376,12,12,2,2,2,6,6,7,2,6,0,14,0,26.0,70,True,0.6872527472527472
specialist,expert,26,122.93224819109741,12,12,2,2,2,6,6,7,2,6,0,14,0,26.0,70,True,0.6872527472527472
specialist,expert,26,130.27502040463827,12,12,2,2,2,6,6,7,2,6,0,14,0,26.0,70,True,0.6872527472527472
specialist,expert,26,126.94766521370227,12,12,2,2,2,6,6,7,2,6,0,14,0,26.0,70,True,0.6872527472527472
specialist,expert,26,121.55139713891558,12,12,2,2,2,6,6,7,2,6,0,14,0,26.0,70,True,0.6872527472527472
specialist,expert,26,114.38446378722386,12,12,2,2,2,6,6,7,2,6,0,14,0,26.0,70,True,0.6872527472527472
specialist,expert,26,120.6284421722502,12,12,2,2,2,6,6,7,2,6,0,14,0,26.0,70,True,0.6872527472527472
specialist,expert,26,122.72900522483931,12,12,2,2,2,6,6,7,2,6,0,14,0,26.0,70,True,0.6872527472527472
specialist,expert,26,129.87222300227978,12,12,2,2,2,6,6,7,2,6,0,14,0,26.0,70,True,0.6872527472527472
specialist,expert,26,118.84808944460494,12,12,2,2,2,6,6,7,3,6,0,14,0,26.0,70,True,0.693021978021978
specialist,expert,26,123.33956045277775,12,12,2,2,2,6,6,7,2,6,0,14,0,26.0,70,True,0.6872527472527472
specialist,expert,26,127.57552539709081,12,12,2,2,2,6,6,7,2,6,0,14,0,26.0,70,True,0.6872527472527472
specialist,novice,70,52.91663908930909,7,12,1,1,2,1,7,1,18,0,0,62,0,70.0,70,False,0.34273809523809523
specialist,novice,70,53.32139079744517,7,12,1,1,2,1,7,1,18,0,0,62,0,70.0,70,False,0.34273809523809523
specialist,novice,70,59.775785311997126,7,12,1,1,2,1,7,1,18,0,0,62,0,70.0,70,False,0.34273809523809523
specialist,novice,70,56.5746343737087,7,12,1,1,2,1,7,1,18,0,0,62,0,70.0,70,False,0.34273809523809523
specialist,novice,70,40.38679049686273,8,12,1,1,2,1,7,1,18,24,0,62,0,70.0,70,False,0.37190476190476185
specialist,novice,70,-0.44671051205438284,7,12,0,0,2,2,6,2,16,1,0,62,0,70.0,70,False,0.23845238095238094
specialist,novice,70,52.46895940642943,8,12,1,1,2,2,7,3,17,0,0,61,0,70.0,70,False,0.36976190476190474
specialist,novice,70,53.24581737623949,7,12,1,1,2,1,7,1,18,0,0,62,0,70.0,70,False,0.34273809523809523
specialist,novice,70,46.6745192855976,7,12,1,1,2,1,7,1,18,0,0,62,0,70.0,70,False,0.34273809523809523
specialist,novice,70,48.8053636320648,7,12,1,1,2,1,7,1,18,0,0,62,0,70.0,70,False,0.34273809523809523
specialist,novice,70,47.68218761115756,8,12,1,1,2,1,7,1,18,27,0,62,0,70.0,70,False,0.37190476190476185
specialist,novice,70,49.2456726987962,7,12,1,1,2,1,7,1,18,0,0,62,0,70.0,70,False,0.34273809523809523
specialist,novice,70,25.069809237834942,8,12,1,1,2,1,7,1,18,42,0,62,0,70.0,70,False,0.37190476190476185
specialist,novice,70,62.98606431424734,8,12,1,1,2,2,7,2,17,0,0,61,0,70.0,70,False,0.36976190476190474
specialist,novice,70,60.050380313597714,7,12,1,1,2,1,7,1,18,0,0,62,0,70.0,70,False,0.34273809523809523
specialist,novice,70,55.61857998538984,7,12,1,1,2,1,7,1,18,0,0,62,0,70.0,70,False,0.34273809523809523
specialist,novice,70,47.247664122714234,8,12,1,1,2,1,7,1,18,14,0,62,0,70.0,70,False,0.37190476190476185
specialist,novice,70,58.476348909436396,7,12,1,1,2,1,7,1,18,0,0,62,0,70.0,70,False,0.34273809523809523
specialist,novice,70,62.55050048932159,8,12,1,1,2,3,7,5,17,1,0,60,1,70.0,70,False,0.36976190476190474
specialist,novice,70,54.90657931191549,7,12,1,1,2,1,7,1,18,0,0,62,0,70.0,70,False,0.34273809523809523
specialist,novice,70,49.6022977088983,7,12,1,1,2,1,7,1,18,0,0,62,0,70.0,70,False,0.34273809523809523
specialist,novice,70,68.07681638156714,8,12,1,1,2,2,7,2,17,0,0,61,0,70.0,70,False,0.36976190476190474
specialist,novice,70,51.32233028559959,7,12,1,1,2,1,7,1,18,0,0,62,0,70.0,70,False,0.34273809523809523
specialist,novice,70,56.54408184403128,7,12,1,1,2,1,7,1,18,0,0,62,0,70.0,70,False,0.34273809523809523
specialist,novice,70,54.57487216623494,7,12,1,1,2,1,7,1,18,0,0,62,0,70.0,70,False,0.34273809523809523
specialist,novice,70,47.7896637147149,7,12,1,1,2,1,7,1,18,0,0,62,0,70.0,70,False,0.34273809523809523
specialist,novice,70,48.559254420456654,7,12,1,1,2,1,7,1,18,0,0,62,0,70.0,70,False,0.34273809523809523
specialist,novice,70,54.89514434519535,7,12,1,1,2,1,7,1,18,0,0,62,0,70.0,70,False,0.34273809523809523
specialist,novice,70,58.307286070159975,7,12,1,1,2,1,7,1,18,0,0,62,0,70.0,70,False,0.34273809523809523
specialist,novice,70,2.385459037727337,7,12,0,0,2,2,6,2,16,1,0,62,0,70.0,70,False,0.23845238095238094
specialist,novice,70,63.27413315587641,7,12,1,1,2,1,7,1,18,0,0,62,0,70.0,70,False,0.34273809523809523
specialist,novice,70,51.97025878775086,7,12,1,1,2,1,7,1,18,0,0,62,0,70.0,70,False,0.34273809523809523
specialist,novice,70,64.735723735117,7,12,1,1,2,1,7,1,18,0,0,62,0,70.0,70,False,0.34273809523809523
specialist,novice,70,56.99740893974695,7,12,1,1,2,1,7,1,18,0,0,62,0,70.0,70,False,0.34273809523809523
specialist,novice,70,34.95681002081539,8,12,1,1,2,1,7,1,18,31,0,62,0,70.0,70,False,0.37190476190476185
specialist,novice,70,39.171459287366346,8,12,1,1,2,1,7,1,18,40,0,62,0,70.0,70,False,0.37190476190476185
specialist,novice,70,53.23956686078064,8,12,1,1,2,2,7,3,17,1,0,61,0,70.0,70,False,0.36976190476190474
specialist,novice,70,57.97832644116967,7,12,1,1,2,1,7,1,18,0,0,62,0,70.0,70,False,0.34273809523809523
specialist,novice,70,58.417638213392024,8,12,1,1,2,2,7,3,17,0,0,61,0,70.0,70,False,0.36976190476190474
specialist,novice,70,55.59408723939619,7,12,1,1,2,1,7,1,18,0,0,62,0,70.0,70,False,0.34273809523809523
specialist,novice,70,54.83240549452674,7,12,1,1,2,1,7,1,18,0,0,62,0,70.0,70,False,0.34273809523809523
specialist,novice,70,50.74096536031435,8,12,1,1,2,1,7,1,18,23,0,62,0,70.0,70,False,0.37190476190476185
specialist,novice,70,43.73392318089343,8,12,1,1,2,1,7,1,18,27,0,62,0,70.0,70,False,0.37190476190476185
specialist,novice,70,58.39987814750937,8,12,1,1,2,2,7,3,17,0,0,61,0,70.0,70,False,0.36976190476190474
specialist,novice,70,-0.4740864824374169,6,12,0,0,2,1,6,1,16,0,0,63,0,70.0,70,False,0.20928571428571427
specialist,novice,70,59.786113157027856,7,12,1,1,2,1,7,1,18,0,0,62,0,70.0,70,False,0.34273809523809523
specialist,novice,70,53.67318926209945,7,12,1,1,2,1,7,1,18,0,0,62,0,70.0,70,False,0.34273809523809523
specialist,novice,70,52.51224534516212,7,12,1,1,2,1,7,1,18,0,0,62,0,70.0,70,False,0.34273809523809523
specialist,novice,70,64.70078152379588,7,12,1,1,2,1,7,1,18,0,0,62,0,70.0,70,False,0.34273809523809523
specialist,novice,70,60.704821839941424,8,12,1,1,2,2,7,2,17,0,0,61,0,70.0,70,False,0.36976190476190474
specialist,tired,70,55.21663908930909,8,12,1,1,2,2,7,3,17,0,0,61,0,70.0,70,False,0.36976190476190474
specialist,tired,46,101.62989313654677,12,12,2,1,2,2,10,3,17,4,0,34,0,46.0,70,True,0.5740062111801242
specialist,tired,35,132.2768264758262,12,12,2,2,2,2,10,3,17,5,0,23,0,35.0,70,True,0.7228571428571429
specialist,tired,70,58.87463437370869,8,12,1,1,2,2,7,3,17,0,0,61,0,70.0,70,False,0.36976190476190474
specialist,tired,36,119.17805883881955,12,12,2,2,2,2,10,3,17,4,0,24,0,36.0,70,True,0.7179761904761905
specialist,tired,39,103.24431963692886,12,12,2,1,2,3,9,5,17,2,0,27,0,39.0,70,True,0.603956043956044
specialist,tired,34,128.76726107510225,12,12,2,2,2,4,9,7,17,1,0,21,1,34.0,70,True,0.7278571428571428
specialist,tired,70,55.54581737623951,8,12,1,1,2,2,7,3,17,0,0,61,0,70.0,70,False,0.36976190476190474
specialist,tired,43,97.49282377197031,12,12,2,1,2,3,9,5,18,3,0,31,0,43.0,70,True,0.5899335548172757
specialist,tired,60,96.77457792494509,12,12,2,1,2,2,10,3,17,4,0,48,0,60.0,70,True,0.5210714285714285
specialist,tired,38,112.90850543732064,12,12,2,1,2,2,10,3,17,5,0,26,0,38.0,70,True,0.6085338345864661
specialist,tired,70,58.345672698796186,10,12,1,1,2,2,8,3,17,2,0,60,0,70.0,70,False,0.4280952380952381
specialist,tired,30,131.9053296629067,12,12,2,2,2,4,9,7,17,1,0,17,1,30.0,70,True,0.7492857142857143
specialist,tired,33,126.96622500593641,12,12,2,2,2,2,10,3,17,4,0,21,0,33.0,70,True,0.7329870129870129
specialist,tired,45,111.39603230115986,12,12,2,1,2,2,10,3,17,4,0,33,0,45.0,70,True,0.578095238095238
specialist,tired,35,108.68946835136299,12,12,2,1,2,2,10,3,17,5,0,23,0,35.0,70,True,0.6228571428571428
specialist,tired,49,102.31551768352928,12,12,2,1,2,2,10,3,17,5,0,37,0,49.0,70,True,0.5620408163265306
specialist,tired,45,111.04727465233223,12,12,2,1,2,2,10,3,17,4,0,33,0,45.0,70,True,0.578095238095238
specialist,tired,35,136.02356741517016,12,12,2,2,2,3,9,5,16,3,0,23,0,35.0,70,True,0.7185714285714284
specialist,tired,41,105.86254959927783,12,12,2,1,2,2,10,3,17,4,0,29,0,41.0,70,True,0.5950522648083624
specialist,tired,64,96.96944310270175,12,12,2,1,2,2,10,3,17,4,0,52,0,64.0,70,True,0.5069866071428571
specialist,tired,34,131.9770366138253,12,12,2,2,2,3,9,5,16,3,0,22,0,34.0,70,True,0.7234453781512604
specialist,tired,36,106.38124757799339,12,12,2,1,2,2,10,3,17,5,0,24,0,36.0,70,True,0.6179761904761905
specialist,tired,50,108.29885653137856,12,12,2,1,2,2,10,3,17,4,0,38,0,50.0,70,True,0.5581428571428572
specialist,tired,38,124.89863398673985,12,12,2,2,2,2,10,3,17,4,0,26,0,38.0,70,True,0.7085338345864662
specialist,tired,37,100.62691468020628,12,12,2,1,2,2,10,3,17,5,0,25,0,37.0,70,True,0.6132046332046331
specialist,tired,70,50.859254420456644,8,12,1,1,2,2,7,3,17,0,0,61,0,70.0,70,False,0.36976190476190474
specialist,tired,57,103.92915214674451,12,12,2,1,2,2,10,3,17,4,0,45,0,57.0,70,True,0.5318796992481203
specialist,tired,64,105.81770909117608,12,12,2,1,2,2,10,3,17,4,0,52,0,64.0,70,True,0.5069866071428571
specialist,tired,38,97.02503400739538,12,12,2,1,2,3,9,5,18,2,0,26,0,38.0,70,True,0.6124812030075187
specialist,tired,39,99.28530208878409,12,12,2,1,2,4,8,6,18,3,0,27,0,39.0,70,True,0.6078021978021978
specialist,tired,45,105.21280796904635,12,12,2,1,2,2,10,3,17,4,0,33,0,45.0,70,True,0.578095238095238
specialist,tired,70,67.035723735117,8,12,1,1,2,2,7,3,17,0,0,61,0,70.0,70,False,0.36976190476190474
specialist,tired,55,107.39100095645017,12,12,2,1,2,2,10,3,17,4,0,43,0,55.0,70,True,0.5392207792207793
specialist,tired,48,99.38789198684708,12,12,2,1,2,2,10,3,17,4,0,36,0,48.0,70,True,0.5659821428571428
specialist,tired,38,111.4703421564041,12,12,2,1,2,2,10,3,17,4,0,26,0,38.0,70,True,0.6085338345864661
specialist,tired,31,134.6581825888596,12,12,2,2,2,4,9,7,17,1,0,18,1,31.0,70,True,0.7436866359447005
specialist,tired,40,108.54449153444483,12,12,2,1,2,2,10,3,17,4,0,28,0,40.0,70,True,0.5994642857142857
specialist,tired,36,122.75599037083374,12,12,2,2,2,2,10,3,17,4,0,24,0,36.0,70,True,0.7179761904761905
specialist,tired,70,66.0940872393962,11,12,1,1,2,2,10,3,17,3,0,58,0,70.0,70,False,0.45726190476190476
specialist,tired,49,106.29221822804723,12,12,2,1,2,2,10,3,17,4,0,37,0,49.0,70,True,0.5620408163265306
specialist,tired,44,112.07973435183179,12,12,2,1,2,2,10,3,17,4,0,32,0,44.0,70,True,0.5822402597402597
specialist,tired,33,130.1113971389156,12,12,2,2,2,2,10,3,17,4,0,21,0,33.0,70,True,0.7329870129870129
specialist,tired,46,104.84019889744324,12,12,2,1,2,2,10,3,17,4,0,34,0,46.0,70,True,0.5740062111801242
specialist,tired,70,21.06454224428454,11,12,1,0,2,2,9,3,15,14,0,59,0,70.0,70,False,0.35297619047619044
specialist,tired,46,109.22802578491333,12,12,2,1,2,2,10,3,17,5,0,34,0,46.0,70,True,0.5740062111801242
specialist,tired,70,29.6731892620994,8,12,1,1,2,1,7,1,18,45,0,62,0,70.0,70,False,0.37190476190476185
specialist,tired,68,99.45726775488183,12,12,2,1,2,2,10,3,17,4,0,56,0,68.0,70,True,0.4932142857142857
specialist,tired,63,111.93032070372041,12,12,2,1,2,2,10,3,17,4,0,51,0,63.0,70,True,0.5104761904761904
specialist,tired,34,136.0155253970908,12,12,2,2,2,3,9,5,16,3,0,22,0,34.0,70,True,0.7234453781512604
specialist,easy_first,32,131.75653830925734,12,12,2,2,2,3,9,5,16,4,0,20,0,32.0,70,True,0.7335714285714285
specialist,easy_first,27,116.7142407152362,12,12,2,2,2,5,7,9,13,3,0,15,0,27.0,70,True,0.745079365079365
specialist,easy_first,28,132.6168264758262,12,12,2,2,2,4,8,7,16,3,0,16,0,28.0,70,True,0.7557142857142858
specialist,easy_first,29,126.0600790091155,12,12,2,2,2,5,8,9,15,1,0,16,1,29.0,70,True,0.7447290640394089
specialist,easy_first,28,116.82573525859276,12,12,2,2,2,5,8,9,13,2,0,15,1,28.0,70,True,0.739642857142857
specialist,easy_first,28,133.22553713210198,12,12,2,2,2,5,7,8,13,3,0,16,0,28.0,70,True,0.739642857142857
specialist,easy_first,27,128.5390118913413,12,12,2,2,2,5,7,9,14,3,0,15,0,27.0,70,True,0.7506349206349205
specialist,easy_first,34,107.65407193055616,12,12,2,1,2,2,10,3,16,5,0,22,0,34.0,70,True,0.6234453781512604
specialist,easy_first,30,130.22043003941528,12,12,2,2,2,4,9,7,15,1,0,17,1,30.0,70,True,0.7392857142857143
specialist,easy_first,34,120.24827279593696,12,12,2,2,2,2,10,3,16,5,0,22,0,34.0,70,True,0.7234453781512604
specialist,easy_first,27,137.41571942960485,12,12,2,2,2,5,7,9,14,3,0,15,0,27.0,70,True,0.7506349206349205
specialist,easy_first,29,125.17281055972857,12,12,2,2,2,5,8,9,14,3,0,16,1,29.0,70,True,0.7395566502463053
specialist,easy_first,27,129.7653296629067,12,12,2,2,2,5,7,9,13,3,0,15,0,27.0,70,True,0.745079365079365
specialist,easy_first,27,125.88622500593641,12,12,2,2,2,5,7,9,14,3,0,15,0,27.0,70,True,0.7506349206349205
specialist,easy_first,27,137.1986737965673,12,12,2,2,2,5,7,9,13,3,0,15,0,27.0,70,True,0.745079365079365
specialist,easy_first,28,134.5139671748023,12,12,2,2,2,4,8,7,15,3,0,16,0,28.0,70,True,0.7503571428571427
specialist,easy_first,27,125.90108711966462,12,12,2,2,2,5,7,9,13,4,0,15,0,27.0,70,True,0.745079365079365
specialist,easy_first,28,142.23033327812612,12,12,2,2,2,5,8,9,15,3,0,15,1,28.0,70,True,0.7503571428571427
specialist,easy_first,27,134.28356741517018,12,12,2,2,2,5,7,9,12,3,0,15,0,27.0,70,True,0.7395238095238095
specialist,easy_first,29,127.92606739431366,12,12,2,2,2,4,8,7,14,3,0,17,0,29.0,70,True,0.7395566502463053
specialist,easy_first,29,119.86988895349631,12,12,2,2,2,4,8,7,14,3,0,17,0,29.0,70,True,0.7395566502463053
specialist,easy_first,30,131.0570366138253,12,12,2,2,2,4,8,7,15,5,0,18,0,30.0,70,True,0.7392857142857143
specialist,easy_first,28,136.91506497215494,12,12,2,2,2,5,8,9,14,3,0,15,1,28.0,70,True,0.7449999999999999
specialist,easy_first,28,143.58801098004864,12,12,2,2,2,4,8,7,15,3,0,16,0,28.0,70,True,0.7503571428571427
specialist,easy_first,29,124.17863398673988,12,12,2,2,2,4,8,7,14,3,0,17,0,29.0,70,True,0.7395566502463053
specialist,easy_first,27,126.51843909596498,12,12,2,2,2,5,7,9,14,3,0,15,0,27.0,70,True,0.7506349206349205
specialist,easy_first,27,126.09499841133211,12,12,2,2,2,5,7,9,13,3,0,15,0,27.0,70,True,0.745079365079365
specialist,easy_first,32,132.89692327231677,12,12,2,2,2,3,9,5,16,3,0,20,0,32.0,70,True,0.7335714285714285
specialist,easy_first,28,131.2212576951349,12,12,2,2,2,5,7,9,15,4,0,16,0,28.0,70,True,0.7503571428571427
specialist,easy_first,30,99.28714457866323,12,12,2,1,2,3,9,5,15,3,0,18,0,30.0,70,True,0.6392857142857142
specialist,easy_first,27,126.56809963111485,12,12,2,2,2,5,7,9,13,4,0,15,0,27.0,70,True,0.745079365079365
specialist,easy_first,28,107.91293387909847,12,12,2,1,2,5,8,9,15,2,0,15,1,28.0,70,True,0.6503571428571427
specialist,easy_first,31,134.17891324165217,12,12,2,2,2,4,8,7,15,3,0,19,0,31.0,70,True,0.7340092165898617
specialist,easy_first,27,142.55854806710892,12,12,2,2,2,5,7,9,14,3,0,15,0,27.0,70,True,0.7506349206349205
specialist,easy_first,32,118.67889412070522,12,12,2,2,2,3,9,5,16,3,0,20,0,32.0,70,True,0.7335714285714285
specialist,easy_first,29,132.93248244498056,12,12,2,2,2,4,8,7,15,4,0,17,0,29.0,70,True,0.7447290640394089
specialist,easy_first,28,134.501694935414,12,12,2,2,2,5,7,8,13,3,0,16,0,28.0,70,True,0.739642857142857
specialist,easy_first,29,129.90943371063867,12,12,2,2,2,4,8,7,16,2,0,17,0,29.0,70,True,0.7499014778325122
specialist,easy_first,27,121.73599037083376,12,12,2,2,2,5,7,9,14,4,0,15,0,27.0,70,True,0.7506349206349205
specialist,easy_first,27,130.71224819109744,12,12,2,2,2,5,7,9,14,3,0,15,0,27.0,70,True,0.7506349206349205
specialist,easy_first,27,137.65502040463826,12,12,2,2,2,5,7,8,13,3,0,15,0,27.0,70,True,0.745079365079365
specialist,easy_first,31,135.54766521370226,12,12,2,2,2,4,8,7,17,4,0,19,0,31.0,70,True,0.7436866359447005
specialist,easy_first,27,127.9313971389156,12,12,2,2,2,5,7,9,12,4,0,15,0,27.0,70,True,0.7395238095238095
specialist,easy_first,29,122.12446378722387,12,12,2,2,2,4,8,7,14,3,0,17,0,29.0,70,True,0.7395566502463053
specialist,easy_first,27,127.60844217225022,12,12,2,2,2,6,6,8,12,2,0,15,0,27.0,70,True,0.7395238095238095
specialist,easy_first,28,130.48900522483933,12,12,2,2,2,5,7,9,14,3,0,16,0,28.0,70,True,0.7449999999999999
specialist,easy_first,28,137.0437522379149,12,12,2,2,2,5,8,9,15,2,0,15,1,28.0,70,True,0.7503571428571427
specialist,easy_first,28,125.10808944460497,12,12,2,2,2,6,6,8,12,3,0,16,0,28.0,70,True,0.7342857142857142
specialist,easy_first,29,130.47956045277778,12,12,2,2,2,4,8,7,14,4,0,17,0,29.0,70,True,0.7395566502463053
specialist,easy_first,27,134.65552539709083,12,12,2,2,2,5,7,9,13,3,0,15,0,27.0,70,True,0.745079365079365
specialist,hard_first,27,131.05653830925735,12,12,2,2,2,5,7,7,14,3,0,15,0,27.0,70,True,0.7506349206349205
specialist,hard_first,28,115.29424071523617,12,12,2,2,2,6,6,10,11,4,0,16,0,28.0,70,True,0.7289285714285714
specialist,hard_first,29,129.39682647582623,12,12,2,2,2,6,6,10,11,4,0,17,0,29.0,70,True,0.724039408866995
specialist,hard_first,29,123.64216219852275,12,12,2,2,2,6,6,10,10,3,0,17,0,29.0,70,True,0.7188669950738915
specialist,hard_first,28,117.03805883881957,12,12,2,2,2,6,6,8,12,4,0,16,0,28.0,70,True,0.7342857142857142
specialist,hard_first,30,130.48553713210197,12,12,2,2,2,6,6,10,10,5,0,18,0,30.0,70,True,0.7142857142857142
specialist,hard_first,30,125.37901189134129,12,12,2,2,2,6,6,10,10,5,0,18,0,30.0,70,True,0.7142857142857142
specialist,hard_first,27,137.2025417295456,12,12,2,2,2,5,7,9,14,4,0,15,0,27.0,70,True,0.7506349206349205
specialist,hard_first,28,129.52773723108834,12,12,2,2,2,6,6,10,12,3,0,16,0,28.0,70,True,0.7342857142857142
specialist,hard_first,29,118.04827279593697,12,12,2,2,2,6,6,10,11,4,0,17,0,29.0,70,True,0.724039408866995
specialist,hard_first,27,136.6157194296049,12,12,2,2,2,6,6,10,12,2,0,15,0,27.0,70,True,0.7395238095238095
specialist,hard_first,29,124.43477872261417,12,12,2,2,2,6,6,10,11,4,0,17,0,29.0,70,True,0.724039408866995
specialist,hard_first,28,127.24532966290668,12,12,2,2,2,6,6,10,9,4,0,16,0,28.0,70,True,0.7182142857142857
specialist,hard_first,27,124.3862250059364,12,12,2,2,2,6,6,10,11,3,0,15,0,27.0,70,True,0.7339682539682539
specialist,hard_first,28,135.37867379656728,12,12,2,2,2,6,6,10,10,4,0,16,0,28.0,70,True,0.7235714285714285
specialist,hard_first,28,131.0139671748023,12,12,2,2,2,6,6,10,10,5,0,16,0,28.0,70,True,0.7235714285714285
specialist,hard_first,28,126.18108711966462,12,12,2,2,2,6,6,8,13,4,0,16,0,28.0,70,True,0.739642857142857
specialist,hard_first,29,140.8225802513747,12,12,2,2,2,6,6,10,12,5,0,17,0,29.0,70,True,0.7292118226600985
specialist,hard_first,28,133.26356741517017,12,12,2,2,2,6,6,10,11,4,0,16,0,28.0,70,True,0.7289285714285714
specialist,hard_first,28,125.14606739431366,12,12,2,2,2,6,6,10,10,4,0,16,0,28.0,70,True,0.7235714285714285
specialist,hard_first,28,118.08988895349631,12,12,2,2,2,6,6,8,11,4,0,16,0,28.0,70,True,0.7289285714285714
specialist,hard_first,30,130.45703661382527,12,12,2,2,2,6,6,8,12,3,0,18,0,30.0,70,True,0.7242857142857142
specialist,hard_first,28,135.4716991333721,12,12,2,2,2,6,6,10,10,4,0,16,0,28.0,70,True,0.7235714285714285
specialist,hard_first,28,142.38801098004862,12,12,2,2,2,6,6,8,12,3,0,16,0,28.0,70,True,0.7342857142857142
specialist,hard_first,28,121.69863398673985,12,12,2,2,2,6,6,10,10,4,0,16,0,28.0,70,True,0.7235714285714285
specialist,hard_first,28,123.99843909596497,12,12,2,2,2,6,6,10,10,4,0,16,0,28.0,70,True,0.7235714285714285
specialist,hard_first,29,124.75499841133211,12,12,2,2,2,6,6,10,12,5,0,17,0,29.0,70,True,0.7292118226600985
specialist,hard_first,28,131.9868681896782,12,12,2,2,2,5,8,9,15,1,0,15,1,28.0,70,True,0.7503571428571427
specialist,hard_first,30,128.3812576951349,12,12,2,2,2,6,6,10,11,5,0,18,0,30.0,70,True,0.7192857142857143
specialist,hard_first,28,127.29412253601011,12,12,2,2,2,6,6,8,12,3,0,16,0,28.0,70,True,0.7342857142857142
specialist,hard_first,28,124.74809963111483,12,12,2,2,2,6,6,10,10,4,0,16,0,28.0,70,True,0.7235714285714285
specialist,hard_first,28,137.84231837618688,12,12,2,2,2,6,6,10,11,4,0,16,0,28.0,70,True,0.7289285714285714
specialist,hard_first,29,132.41891324165215,12,12,2,2,2,6,6,10,12,4,0,17,0,29.0,70,True,0.7292118226600985
specialist,hard_first,28,140.03854806710888,12,12,2,2,2,6,6,10,10,4,0,16,0,28.0,70,True,0.7235714285714285
specialist,hard_first,28,118.35889412070523,12,12,2,2,2,5,7,9,15,2,0,16,0,28.0,70,True,0.7503571428571427
specialist,hard_first,27,132.57248244498055,12,12,2,2,2,5,7,7,14,3,0,15,0,27.0,70,True,0.7506349206349205
specialist,hard_first,28,132.10169493541397,12,12,2,2,2,6,6,10,10,4,0,16,0,28.0,70,True,0.7235714285714285
specialist,hard_first,29,128.80943371063867,12,12,2,2,2,6,6,8,14,3,0,17,0,29.0,70,True,0.7395566502463053
specialist,hard_first,28,119.91599037083374,12,12,2,2,2,6,6,10,11,4,0,16,0,28.0,70,True,0.7289285714285714
specialist,hard_first,29,127.97224819109744,12,12,2,2,2,6,6,10,11,5,0,17,0,29.0,70,True,0.724039408866995
specialist,hard_first,29,135.21502040463824,12,12,2,2,2,6,6,10,10,4,0,17,0,29.0,70,True,0.7188669950738915
specialist,hard_first,28,131.90766521370227,12,12,2,2,2,6,6,10,10,4,0,16,0,28.0,70,True,0.7235714285714285
specialist,hard_first,28,127.2113971389156,12,12,2,2,2,6,6,10,11,4,0,16,0,28.0,70,True,0.7289285714285714
specialist,hard_first,27,120.36446378722385,12,12,2,2,2,6,6,10,11,4,0,15,0,27.0,70,True,0.7339682539682539
specialist,hard_first,29,125.86844217225021,12,12,2,2,2,6,6,10,10,3,0,17,0,29.0,70,True,0.7188669950738915
specialist,hard_first,30,128.4490052248393,12,12,2,2,2,6,6,10,12,5,0,18,0,30.0,70,True,0.7242857142857142
specialist,hard_first,28,135.53222300227978,12,12,2,2,2,6,6,10,11,4,0,16,0,28.0,70,True,0.7289285714285714
specialist,hard_first,29,124.38808944460496,12,12,2,2,2,6,6,10,11,3,0,17,0,29.0,70,True,0.724039408866995
specialist,hard_first,28,129.99956045277776,12,12,2,2,2,6,6,8,12,3,0,16,0,28.0,70,True,0.7342857142857142
specialist,hard_first,29,134.01552539709084,12,12,2,2,2,6,6,10,13,5,0,17,0,29.0,70,True,0.7343842364532018
specialist,hesitant,32,132.85653830925736,12,12,2,2,2,3,9,5,18,3,0,20,0,32.0,70,True,0.7429464285714287
specialist,hesitant,30,118.85424071523619,12,12,2,2,2,4,8,7,17,2,0,18,0,30.0,70,True,0.7492857142857143
specialist,hesitant,33,132.9168264758262,12,12,2,2,2,4,8,6,17,3,0,21,0,33.0,70,True,0.7329870129870129
specialist,hesitant,32,127.28216219852278,12,12,2,2,2,4,9,7,17,2,0,19,1,32.0,70,True,0.7382589285714285
specialist,hesitant,30,119.89805883881957,12,12,2,2,2,4,9,7,17,1,0,17,1,30.0,70,True,0.7492857142857143
specialist,hesitant,31,103.37654445388432,12,12,2,1,2,5,8,9,15,1,0,18,1,31.0,70,True,0.6340092165898618
specialist,hesitant,31,128.29402254222117,12,12,2,2,2,4,9,7,17,1,0,18,1,31.0,70,True,0.7436866359447005
specialist,hesitant,33,107.18726799959175,12,12,2,1,2,2,10,3,15,4,0,21,0,33.0,70,True,0.6238961038961038
specialist,hesitant,33,131.32773723108835,12,12,2,2,2,4,8,6,16,3,0,21,0,33.0,70,True,0.7284415584415584
specialist,hesitant,33,121.56827279593698,12,12,2,2,2,4,9,7,17,1,0,20,1,33.0,70,True,0.7329870129870129
specialist,hesitant,32,138.51571942960487,12,12,2,2,2,4,9,7,17,2,0,19,1,32.0,70,True,0.7382589285714285
specialist,hesitant,30,127.71477872261418,12,12,2,2,2,4,9,7,17,2,0,17,1,30.0,70,True,0.7492857142857143
specialist,hesitant,30,131.5053296629067,12,12,2,2,2,4,8,7,16,2,0,18,0,30.0,70,True,0.7442857142857142
specialist,hesitant,31,127.3062250059364,12,12,2,2,2,4,9,7,17,2,0,18,1,31.0,70,True,0.7436866359447005
specialist,hesitant,30,138.9386737965673,12,12,2,2,2,4,8,7,16,2,0,18,0,30.0,70,True,0.7442857142857142
specialist,hesitant,31,135.15396717480232,12,12,2,2,2,4,8,7,16,2,0,19,0,31.0,70,True,0.7388479262672811
specialist,hesitant,34,127.66108711966461,12,12,2,2,2,2,10,3,17,4,0,22,0,34.0,70,True,0.7278571428571428
specialist,hesitant,32,143.46258025137467,12,12,2,2,2,5,8,9,15,1,0,19,1,32.0,70,True,0.7288839285714286
specialist,hesitant,31,136.4035674151702,12,12,2,2,2,4,8,7,16,2,0,19,0,31.0,70,True,0.7388479262672811
specialist,hesitant,32,129.46606739431365,12,12,2,2,2,4,8,7,18,3,0,20,0,32.0,70,True,0.7429464285714287
specialist,hesitant,30,121.3498889534963,12,12,2,2,2,4,9,7,17,1,0,17,1,30.0,70,True,0.7492857142857143
specialist,hesitant,33,100.68532992842914,12,12,2,1,2,4,8,7,18,3,0,21,0,33.0,70,True,0.6375324675324675
specialist,hesitant,31,108.4833476852609,12,12,2,1,2,4,9,7,17,2,0,18,1,31.0,70,True,0.6436866359447004
specialist,hesitant,35,113.4624593710888,12,12,2,1,2,4,8,6,17,3,0,23,0,35.0,70,True,0.6228571428571428
specialist,hesitant,32,124.81863398673988,12,12,2,2,2,5,8,9,15,1,0,19,1,32.0,70,True,0.7288839285714286
specialist,hesitant,30,127.95843909596498,12,12,2,2,2,4,9,7,17,2,0,17,1,30.0,70,True,0.7492857142857143
specialist,hesitant,31,127.9149984113321,12,12,2,2,2,4,9,7,17,2,0,18,1,31.0,70,True,0.7436866359447005
specialist,hesitant,34,132.65692327231676,12,12,2,2,2,2,10,3,17,5,0,22,0,34.0,70,True,0.7278571428571428
specialist,hesitant,30,132.18125769513492,12,12,2,2,2,4,8,7,16,2,0,18,0,30.0,70,True,0.7442857142857142
specialist,hesitant,30,100.38714457866324,12,12,2,1,2,4,9,7,17,1,0,17,1,30.0,70,True,0.6492857142857142
specialist,hesitant,31,128.28809963111485,12,12,2,2,2,3,9,5,16,3,0,19,0,31.0,70,True,0.7388479262672811
specialist,hesitant,31,109.77447474143176,12,12,2,1,2,4,8,7,16,2,0,19,0,31.0,70,True,0.638847926267281
specialist,hesitant,31,135.27891324165216,12,12,2,2,2,4,9,7,17,1,0,18,1,31.0,70,True,0.7436866359447005
specialist,hesitant,30,113.80598848254891,12,12,2,1,2,4,9,7,17,2,0,17,1,30.0,70,True,0.6492857142857142
specialist,hesitant,33,118.4588941207052,12,12,2,2,2,2,10,3,17,5,0,21,0,33.0,70,True,0.7329870129870129
specialist,hesitant,32,134.27248244498054,12,12,2,2,2,4,9,7,17,1,0,19,1,32.0,70,True,0.7382589285714285
specialist,hesitant,30,134.40745233760248,12,12,2,2,2,4,9,7,17,1,0,17,1,30.0,70,True,0.7492857142857143
specialist,hesitant,34,129.20943371063868,12,12,2,2,2,3,10,5,16,4,0,21,1,34.0,70,True,0.7234453781512604
specialist,hesitant,30,123.47599037083376,12,12,2,2,2,4,8,7,17,2,0,18,0,30.0,70,True,0.7492857142857143
specialist,hesitant,31,131.73224819109745,12,12,2,2,2,4,8,7,16,2,0,19,0,31.0,70,True,0.7388479262672811
specialist,hesitant,30,137.61305914794755,12,12,2,2,2,4,9,7,17,1,0,17,1,30.0,70,True,0.7492857142857143
specialist,hesitant,32,135.3276652137023,12,12,2,2,2,4,8,7,15,2,0,20,0,32.0,70,True,0.7288839285714286
specialist,hesitant,31,129.9513971389156,12,12,2,2,2,5,8,9,15,1,0,18,1,31.0,70,True,0.7340092165898617
specialist,hesitant,35,122.80446378722388,12,12,2,2,2,3,9,5,16,3,0,23,0,35.0,70,True,0.7185714285714284
specialist,hesitant,31,99.79296052336333,12,12,2,1,2,4,9,7,17,2,0,18,1,31.0,70,True,0.6436866359447004
specialist,hesitant,33,131.08900522483933,12,12,2,2,2,4,8,7,15,2,0,21,0,33.0,70,True,0.7238961038961038
specialist,hesitant,30,138.7922230022798,12,12,2,2,2,4,9,7,17,2,0,17,1,30.0,70,True,0.7492857142857143
specialist,hesitant,30,126.86808944460496,12,12,2,2,2,5,8,9,15,1,0,17,1,30.0,70,True,0.7392857142857143
specialist,hesitant,33,131.69956045277775,12,12,2,2,2,4,8,7,15,2,0,21,0,33.0,70,True,0.7238961038961038
specialist,hesitant,32,135.95552539709084,12,12,2,2,2,5,8,9,15,1,0,19,1,32.0,70,True,0.7288839285714286
specialist,erratic,63,100.92278604451926,12,12,2,1,2,2,10,3,17,4,0,51,0,63.0,70,True,0.5104761904761904
specialist,erratic,35,118.05424071523618,12,12,2,2,2,3,9,5,16,3,0,23,0,35.0,70,True,0.7185714285714284
specialist,erratic,39,110.78179707309107,12,12,2,1,2,2,10,3,17,4,0,27,0,39.0,70,True,0.603956043956044
specialist,erratic,63,104.02536367005878,12,12,2,1,2,2,10,3,17,4,0,51,0,63.0,70,True,0.5104761904761904
specialist,erratic,32,119.95805883881958,12,12,2,2,2,4,8,7,18,3,0,20,0,32.0,70,True,0.7429464285714287
specialist,erratic,32,102.31209481997344,12,12,2,1,2,3,9,5,17,3,0,20,0,32.0,70,True,0.6382589285714285
specialist,erratic,34,128.4427884435867,12,12,2,2,2,4,9,7,17,2,0,21,1,34.0,70,True,0.7278571428571428
specialist,erratic,36,108.11407193055615,12,12,2,1,2,3,9,5,18,2,0,24,0,36.0,70,True,0.6221428571428571
specialist,erratic,38,101.1810948187906,12,12,2,1,2,3,9,5,18,3,0,26,0,38.0,70,True,0.6124812030075187
specialist,erratic,67,95.82689610220308,12,12,2,1,2,2,10,3,17,4,0,55,0,67.0,70,True,0.49663113006396586
specialist,erratic,30,136.90695176243554,12,12,2,2,2,4,9,7,16,2,0,17,1,30.0,70,True,0.7442857142857142
specialist,erratic,53,98.71363742663,12,12,2,1,2,2,10,3,17,5,0,41,0,53.0,70,True,0.5466846361185984
specialist,erratic,28,128.27015410336796,12,12,2,2,2,5,8,9,14,3,0,15,1,28.0,70,True,0.7449999999999999
specialist,erratic,36,126.60622500593641,12,12,2,2,2,2,10,3,17,5,0,24,0,36.0,70,True,0.7179761904761905
specialist,erratic,70,62.35038031359771,8,12,1,1,2,2,7,3,17,0,0,61,0,70.0,70,False,0.36976190476190474
specialist,erratic,35,108.68946835136299,12,12,2,1,2,2,10,3,17,5,0,23,0,35.0,70,True,0.6228571428571428
specialist,erratic,52,102.13990128887268,12,12,2,1,2,2,10,3,17,4,0,40,0,52.0,70,True,0.5504670329670329
specialist,erratic,48,110.34447552815196,12,12,2,1,2,2,10,3,17,4,0,36,0,48.0,70,True,0.5659821428571428
specialist,erratic,31,136.80356741517016,12,12,2,2,2,3,9,5,17,2,0,19,0,31.0,70,True,0.7436866359447005
specialist,erratic,43,105.56415158012032,12,12,2,1,2,2,10,3,17,4,0,31,0,43.0,70,True,0.5864451827242525
specialist,erratic,48,98.69720400282395,12,12,2,1,2,2,10,3,17,5,0,36,0,48.0,70,True,0.5659821428571428
specialist,erratic,51,113.2802220324566,12,12,2,1,2,2,10,3,16,5,0,39,0,51.0,70,True,0.551344537815126
specialist,erratic,34,107.18861428041589,12,12,2,1,2,2,10,3,17,4,0,22,0,34.0,70,True,0.6278571428571428
specialist,erratic,57,105.8405983022628,12,12,2,1,2,2,10,3,16,5,0,45,0,57.0,70,True,0.5292481203007519
specialist,erratic,37,124.21863398673986,12,12,2,2,2,2,10,3,16,5,0,25,0,37.0,70,True,0.7091505791505792
specialist,erratic,38,100.73111318122125,12,12,2,1,2,2,10,3,17,4,0,26,0,38.0,70,True,0.6085338345864661
specialist,erratic,32,127.19499841133211,12,12,2,2,2,3,9,5,16,2,0,20,0,32.0,70,True,0.7335714285714285
specialist,erratic,70,57.195144345195345,8,12,1,1,2,2,7,3,17,0,0,61,0,70.0,70,False,0.36976190476190474
specialist,erratic,70,60.30728607016,8,12,1,1,2,2,7,3,17,1,0,61,0,70.0,70,False,0.36976190476190474
specialist,erratic,70,20.333441853663537,11,12,1,0,2,2,9,3,15,21,0,59,0,70.0,70,False,0.35297619047619044
specialist,erratic,35,129.70809963111486,12,12,2,2,2,3,9,5,19,2,0,23,0,35.0,70,True,0.7314285714285713
specialist,erratic,42,105.99310210534966,12,12,2,1,2,2,10,3,17,4,0,30,0,42.0,70,True,0.5907142857142857
specialist,erratic,70,66.735723735117,8,12,1,1,2,2,7,3,17,1,0,61,0,70.0,70,False,0.36976190476190474
specialist,erratic,53,107.88019995853807,12,12,2,1,2,2,10,3,17,4,0,41,0,53.0,70,True,0.5466846361185984
specialist,erratic,53,98.87678721162277,12,12,2,1,2,2,10,3,17,4,0,41,0,53.0,70,True,0.5466846361185984
specialist,erratic,37,133.57248244498055,12,12,2,2,2,2,10,3,17,4,0,25,0,37.0,70,True,0.7132046332046331
specialist,erratic,30,135.24631196107717,12,12,2,2,2,4,9,7,17,1,0,17,1,30.0,70,True,0.7492857142857143
specialist,erratic,43,108.14905620283756,12,12,2,1,2,2,10,3,17,4,0,31,0,43.0,70,True,0.5864451827242525
specialist,erratic,29,120.69599037083377,12,12,2,2,2,4,8,7,13,4,0,17,0,29.0,70,True,0.7343842364532018
specialist,erratic,70,66.0940872393962,11,12,1,1,2,2,10,3,17,3,0,58,0,70.0,70,False,0.45726190476190476
specialist,erratic,46,106.67128360080002,12,12,2,1,2,2,10,3,17,5,0,34,0,46.0,70,True,0.5740062111801242
specialist,erratic,40,112.38103346168621,12,12,2,1,2,2,10,3,17,5,0,28,0,40.0,70,True,0.5994642857142857
specialist,erratic,30,130.7713971389156,12,12,2,2,2,4,9,7,17,1,0,17,1,30.0,70,True,0.7492857142857143
specialist,erratic,55,103.72648342746703,12,12,2,1,2,2,10,3,17,5,0,43,0,55.0,70,True,0.5392207792207793
specialist,erratic,35,99.71296052336332,12,12,2,1,2,3,9,5,17,2,0,23,0,35.0,70,True,0.6228571428571428
specialist,erratic,59,107.53183121841282,12,12,2,1,2,2,10,3,17,5,0,47,0,59.0,70,True,0.5246489104116222
specialist,erratic,70,64.17318926209947,11,12,1,1,2,2,9,3,17,3,0,59,0,70.0,70,False,0.45726190476190476
specialist,erratic,36,126.94808944460493,12,12,2,2,2,2,10,3,17,4,0,24,0,36.0,70,True,0.7179761904761905
specialist,erratic,60,112.21139789619212,12,12,2,1,2,2,10,3,17,4,0,48,0,60.0,70,True,0.5210714285714285
specialist,erratic,38,110.8051081967167,12,12,2,1,2,2,10,3,17,4,0,26,0,38.0,70,True,0.6085338345864661
random,average,70,30.583548654535512,8,12,1,1,2,16,17,28,14,0,0,37,24,70.0,70,False,0.3633333333333333
random,average,53,65.39143041559768,12,12,2,0,2,11,14,21,17,6,0,28,13,53.0,70,True,0.4466846361185984
random,average,70,6.239698502419521,11,12,1,0,2,19,20,36,12,4,0,31,27,70.0,70,False,0.346547619047619
random,average,70,33.214268300633925,8,12,1,1,2,15,17,27,13,1,0,38,23,70.0,70,False,0.3611904761904762
random,average,49,84.75181237418471,12,12,2,1,2,9,14,18,15,4,0,26,11,49.0,70,True,0.5559183673469388
random,average,38,91.21098414937765,12,12,2,1,2,8,10,14,16,2,0,20,6,38.0,70,True,0.6045864661654134
random,average,49,66.87113447619556,12,12,2,0,2,11,11,18,13,6,0,27,10,49.0,70,True,0.4497959183673469
random,average,70,4.095195434035218,8,12,1,0,2,14,16,27,11,3,0,40,21,70.0,70,False,0.25690476190476186
random,average,70,14.441929845503669,8,12,1,0,2,16,19,31,11,1,0,35,26,70.0,70,False,0.25690476190476186
random,average,47,84.9532551057153,12,12,2,1,2,8,12,16,14,4,0,27,8,47.0,70,True,0.5603951367781155
random,average,70,5.1883714784193256,8,12,1,0,2,11,16,22,14,2,0,43,18,70.0,70,False,0.2633333333333333
random,average,70,41.8325184281915,8,12,1,1,2,14,19,28,12,1,0,37,24,70.0,70,False,0.35904761904761906
random,average,38,90.21427102367261,12,12,2,1,2,8,9,16,12,3,0,21,5,38.0,70,True,0.588796992481203
random,average,51,57.57167245085953,12,12,2,0,2,12,13,23,15,6,0,26,13,51.0,70,True,0.4484033613445378
random,average,39,99.11922956855821,12,12,2,1,2,8,7,11,13,7,0,24,3,39.0,70,True,0.5885714285714285
random,average,50,88.32164923884011,12,12,2,1,2,11,14,22,11,4,0,25,13,50.0,70,True,0.5401428571428571
random,average,47,62.68380544685928,12,12,2,0,2,9,13,18,14,6,0,25,10,47.0,70,True,0.4603951367781155
random,average,65,41.46070626174592,12,12,2,0,2,16,21,32,9,8,0,28,25,65.0,70,True,0.38505494505494503
random,average,64,50.74674769513649,12,12,2,0,2,15,15,23,17,7,0,34,18,64.0,70,True,0.4069866071428571
random,average,46,87.20608254991909,12,12,2,1,2,11,12,20,9,3,0,23,11,46.0,70,True,0.5479192546583851
random,average,64,74.26862772744018,12,12,2,1,2,17,17,28,10,7,0,30,22,64.0,70,True,0.4905803571428571
random,average,52,75.46353710752064,12,12,2,1,2,12,14,23,12,6,0,26,14,52.0,70,True,0.536043956043956
random,average,46,60.72129505050807,12,12,2,0,2,11,11,20,16,5,0,24,10,46.0,70,True,0.4707453416149068
random,average,70,3.107600006164022,11,12,1,0,2,15,19,27,16,4,0,36,22,70.0,70,False,0.35511904761904756
random,average,50,85.44699026380772,12,12,2,1,2,11,12,19,15,5,0,27,11,50.0,70,True,0.5521428571428572
random,average,70,39.46639698180415,8,12,1,1,2,16,21,32,12,2,0,33,28,70.0,70,False,0.35904761904761906
random,average,70,9.589531532189888,11,12,1,0,2,15,19,30,14,7,0,36,22,70.0,70,False,0.35083333333333333
random,average,70,4.519734698021228,8,12,1,0,2,19,21,36,13,0,0,30,31,70.0,70,False,0.2611904761904762
random,average,55,57.63633884901694,12,12,2,0,2,10,14,20,13,4,0,31,12,55.0,70,True,0.4283116883116883
random,average,70,42.77332117190687,8,12,1,1,2,17,17,31,7,5,0,36,25,70.0,70,False,0.3483333333333333
random,average,36,88.7586003536678,12,12,2,1,2,8,11,16,11,3,0,17,7,36.0,70,True,0.5929761904761904
random,average,61,86.5584378511488,12,12,2,1,2,16,19,30,12,6,0,26,23,61.0,70,True,0.5052224824355972
random,average,59,58.898984721907915,12,12,2,0,2,12,14,19,15,9,0,33,14,59.0,70,True,0.4195641646489104
random,average,52,88.58826332465442,12,12,2,1,2,12,13,21,12,8,0,27,13,52.0,70,True,0.536043956043956
random,average,70,35.414833231813745,8,12,1,1,2,16,20,31,13,1,0,34,27,70.0,70,False,0.3611904761904762
random,average,54,81.62777053750287,12,12,2,1,2,14,15,26,14,5,0,25,17,54.0,70,True,0.5346031746031745
random,average,59,55.41942981085131,12,12,2,0,2,14,17,25,16,5,0,28,19,59.0,70,True,0.4221065375302663
random,average,70,37.343857256861746,11,12,1,1,2,17,20,33,13,3,0,33,25,70.0,70,False,0.4486904761904762
random,average,52,81.26215025208946,12,12,2,1,2,14,12,22,14,7,0,26,14,52.0,70,True,0.5418131868131868
random,average,63,53.300669139801464,12,12,2,0,2,12,16,23,15,8,0,35,16,63.0,70,True,0.4057142857142857
random,average,70,8.697652108211683,8,12,1,0,2,15,16,28,12,4,0,39,22,70.0,70,False,0.259047619047619
random,average,58,61.25054425558065,12,12,2,0,2,11,12,17,14,8,0,35,11,58.0,70,True,0.4204926108374384
random,average,70,28.190087002872673,8,12,1,1,2,16,18,32,8,4,0,36,25,70.0,70,False,0.3504761904761905
random,average,70,31.533787187453473,8,12,1,1,2,14,15,22,13,2,0,41,20,70.0,70,False,0.3611904761904762
random,average,44,80.98327819173578,12,12,2,1,2,11,12,19,10,6,0,21,11,44.0,70,True,0.5583766233766233
random,average,42,92.67579990941205,12,12,2,1,2,6,10,11,14,10,0,26,4,42.0,70,True,0.58
random,average,36,131.07604355536168,12,12,2,2,2,7,8,12,12,5,0,21,3,36.0,70,True,0.6971428571428571
random,average,53,80.9882217106456,12,12,2,1,2,11,15,21,13,9,0,27,14,53.0,70,True,0.5353638814016173
random,average,70,5.94258001431925,8,12,1,0,2,15,20,29,14,2,0,35,26,70.0,70,False,0.2633333333333333
random,average,60,53.30200737591237,12,12,2,0,2,15,17,27,15,3,0,28,20,60.0,70,True,0.41607142857142854
random,fast,70,2.558953435092125,8,12,1,0,2,16,17,28,14,0,0,37,24,70.0,70,False,0.2633333333333333
random,fast,57,76.40663974096506,12,12,2,1,2,13,15,21,10,6,0,29,16,57.0,70,True,0.5134586466165413
random,fast,40,64.80699197950635,12,12,2,0,2,11,12,20,11,3,0,17,11,40.0,70,True,0.47696428571428573
random,fast,70,30.7110547427652,8,12,1,1,2,16,18,30,10,3,0,36,25,70.0,70,False,0.3547619047619047
random,fast,39,103.53137525967873,12,12,2,2,2,11,10,16,9,6,0,18,9,39.0,70,True,0.6731868131868132
random,fast,35,92.82167380966479,12,12,2,1,2,9,8,12,13,5,0,18,5,35.0,70,True,0.6057142857142856
random,fast,70,46.22284893619433,10,12,1,1,2,13,17,25,11,4,0,40,20,70.0,70,False,0.4152380952380953
random,fast,49,84.22092763498468,12,12,2,1,2,11,13,21,11,8,0,25,12,49.0,70,True,0.5436734693877551
random,fast,34,93.03007626473038,12,12,2,1,2,6,10,11,11,4,0,18,4,34.0,70,True,0.6013865546218488
random,fast,44,81.61488917553447,12,12,2,1,2,11,11,17,11,5,0,22,10,44.0,70,True,0.5617857142857142
random,fast,35,95.61894420942676,12,12,2,1,2,9,8,13,9,7,0,18,5,35.0,70,True,0.5885714285714285
random,fast,45,85.95924192984518,12,12,2,1,2,8,11,15,10,9,0,26,7,45.0,70,True,0.5547619047619047
random,fast,34,87.53062442320243,12,12,2,1,2,10,8,14,8,5,0,16,6,34.0,70,True,0.5881512605042016
random,fast,37,112.94336712105587,12,12,2,2,2,10,8,14,10,8,0,19,6,37.0,70,True,0.6848262548262549
random,fast,35,92.31217115081142,12,12,2,1,2,9,9,15,7,8,0,17,6,35.0,70,True,0.58
random,fast,70,29.74236394066587,8,12,1,1,2,20,19,35,7,0,0,31,30,70.0,70,False,0.3483333333333333
random,fast,39,111.85804920633942,12,12,2,2,2,11,9,14,6,7,0,19,8,39.0,70,True,0.6616483516483516
random,fast,70,2.7785488750978278,8,12,1,0,2,18,16,29,10,4,0,36,25,70.0,70,False,0.25476190476190474
random,fast,36,88.67239500561212,12,12,2,1,2,9,10,17,7,4,0,17,7,36.0,70,True,0.5763095238095238
random,fast,39,91.61383405199587,12,12,2,1,2,9,10,17,6,8,0,20,7,39.0,70,True,0.5616483516483516
random,fast,70,27.46139232528465,8,12,1,1,2,22,19,38,6,1,0,29,32,70.0,70,False,0.34619047619047616
random,fast,46,75.48872590014562,12,12,2,1,2,13,11,19,9,11,0,22,12,46.0,70,True,0.5479192546583851
random,fast,29,130.64245093900604,12,12,2,2,2,8,7,12,6,3,0,14,3,29.0,70,True,0.6981773399014778
random,fast,38,62.9020483759052,12,12,2,0,2,10,10,18,9,2,0,18,8,38.0,70,True,0.4769548872180451
random,fast,42,86.70208202138738,12,12,2,1,2,11,9,17,10,8,0,22,8,42.0,70,True,0.5657142857142857
random,fast,40,83.86728146191706,12,12,2,1,2,12,11,21,10,7,0,17,11,40.0,70,True,0.5732142857142857
random,fast,41,113.10513761013124,12,12,2,2,2,11,10,15,10,7,0,20,9,41.0,70,True,0.6694425087108014
random,fast,70,33.06569993256027,8,12,1,1,2,21,17,34,7,4,0,32,29,70.0,70,False,0.3483333333333333
random,fast,70,25.481658375251076,8,12,1,1,2,19,19,34,7,3,0,32,29,70.0,70,False,0.3483333333333333
random,fast,70,1.848146299667637,8,12,1,0,2,18,18,33,8,3,0,34,27,70.0,70,False,0.25047619047619046
random,fast,70,1.6975707315311364,8,12,1,0,2,20,22,38,10,0,0,28,33,70.0,70,False,0.25476190476190474
random,fast,46,57.66398539721419,12,12,2,0,2,13,11,22,10,7,0,22,12,46.0,70,True,0.45118012422360243
random,fast,70,32.50155790281454,10,12,1,1,2,16,17,29,8,5,0,37,22,70.0,70,False,0.40880952380952384
random,fast,33,104.12891348806508,12,12,2,1,2,7,9,12,9,4,0,17,4,33.0,70,True,0.5966233766233766
random,fast,70,30.40466026907908,8,12,1,1,2,19,21,36,15,1,0,30,31,70.0,70,False,0.3654761904761904
random,fast,42,83.46299885217783,12,12,2,1,2,11,10,17,9,7,0,21,9,42.0,70,True,0.5621428571428572
random,fast,41,93.58836129541885,12,12,2,1,2,12,10,18,8,7,0,19,10,41.0,70,True,0.5621254355400697
random,fast,48,82.56119347914486,12,12,2,1,2,12,14,23,10,4,0,22,14,48.0,70,True,0.5441071428571428
random,fast,70,24.38446348314885,8,12,1,1,2,20,22,39,12,1,0,28,33,70.0,70,False,0.35904761904761906
random,fast,38,93.21289778533026,12,12,2,1,2,9,10,17,10,5,0,19,7,38.0,70,True,0.5809022556390977
random,fast,70,32.12760982944357,8,12,1,1,2,17,19,30,9,1,0,34,27,70.0,70,False,0.3526190476190476
random,fast,70,28.60022436426863,8,12,1,1,2,19,19,34,11,0,0,32,29,70.0,70,False,0.35690476190476184
random,fast,70,27.276865551245425,8,12,1,1,2,16,15,28,5,5,0,39,22,70.0,70,False,0.34404761904761905
random,fast,43,83.78574048935441,12,12,2,1,2,11,13,21,9,4,0,19,12,43.0,70,True,0.5585382059800664
random,fast,61,88.3717015320562,12,12,2,1,2,19,12,24,5,7,0,30,19,61.0,70,True,0.48800936768149883
random,fast,54,54.104178035456506,12,12,2,0,2,11,14,22,11,7,0,29,13,54.0,70,True,0.42626984126984124
random,fast,70,2.987758075681334,8,12,1,0,2,16,20,32,9,1,0,34,27,70.0,70,False,0.2526190476190476
random,fast,49,86.70358236872596,12,12,2,1,2,13,10,17,12,6,0,26,11,49.0,70,True,0.546734693877551
random,fast,70,18.598536302757257,8,12,1,1,2,17,18,31,10,1,0,35,26,70.0,70,False,0.3547619047619047
random,fast,56,80.674056980351,12,12,2,1,2,14,11,18,9,9,0,31,13,56.0,70,True,0.5141071428571429
random,slow,70,44.284293423545996,8,12,1,1,2,14,18,28,13,0,0,38,23,70.0,70,False,0.3611904761904762
random,slow,70,44.30475839851506,11,12,1,1,2,12,18,23,15,6,0,40,18,70.0,70,False,0.4529761904761904
random,slow,70,12.114502275193725,8,12,1,0,2,17,17,31,22,0,0,36,25,70.0,70,False,0.28047619047619043
random,slow,70,33.62119446771421,8,12,1,1,2,15,21,30,12,2,0,34,27,70.0,70,False,0.35904761904761906
random,slow,70,35.93542580028608,8,12,1,1,2,15,22,29,16,1,0,33,28,70.0,70,False,0.3676190476190476
random,slow,63,52.9761882651916,12,12,2,0,2,13,17,25,17,5,0,33,18,63.0,70,True,0.41047619047619044
random,slow,50,71.3574673295609,12,12,2,0,2,8,11,15,15,7,0,31,7,50.0,70,True,0.4521428571428571
random,slow,70,42.93667832126804,8,12,1,1,2,13,17,24,18,0,0,40,21,70.0,70,False,0.37190476190476185
random,slow,45,94.60655663021913,12,12,2,1,2,7,10,14,17,8,0,28,5,45.0,70,True,0.578095238095238
random,slow,64,90.52229431718607,12,12,2,1,2,8,13,15,13,11,0,43,9,64.0,70,True,0.4976116071428571
random,slow,70,39.45619523085023,8,12,1,1,2,12,17,23,15,1,0,41,20,70.0,70,False,0.3654761904761904
random,slow,49,69.71992484974339,12,12,2,0,2,11,14,21,15,4,0,24,13,49.0,70,True,0.45591836734693875
random,slow,37,96.98014906132565,12,12,2,1,2,5,10,10,16,2,0,22,3,37.0,70,True,0.6091505791505791
random,slow,56,60.508629975104995,12,12,2,0,2,11,14,21,15,3,0,31,13,56.0,70,True,0.4301785714285714
random,slow,70,10.45844154037443,8,12,1,0,2,14,18,28,12,2,0,38,23,70.0,70,False,0.259047619047619
random,slow,61,63.105876097063856,12,12,2,0,2,9,14,17,17,10,0,38,11,61.0,70,True,0.41751756440281024
random,slow,41,98.25446252293696,12,12,2,1,2,8,11,15,18,4,0,22,7,41.0,70,True,0.5987108013937282
random,slow,70,16.43185435900632,11,12,1,0,2,16,18,30,17,6,0,36,22,70.0,70,False,0.3572619047619047
random,slow,70,15.072692625393895,11,12,1,0,2,13,17,25,20,2,0,40,18,70.0,70,False,0.3636904761904762
random,slow,45,76.55112555837061,12,12,2,0,2,8,10,13,17,4,0,27,6,45.0,70,True,0.478095238095238
random,slow,61,65.59757981918209,12,12,2,0,2,11,15,22,19,7,0,35,14,61.0,70,True,0.4224355971896955
random,slow,70,36.670261766506854,9,12,1,1,2,14,18,27,13,2,0,38,22,70.0,70,False,0.39035714285714285
random,slow,70,13.322187548816546,11,12,1,0,2,15,19,29,13,3,0,36,22,70.0,70,False,0.34869047619047616
random,slow,45,69.6580166396812,12,12,2,0,2,6,11,9,18,5,0,28,5,45.0,70,True,0.4814285714285714
random,slow,56,88.14239837611703,12,12,2,1,2,11,14,22,14,8,0,31,13,56.0,70,True,0.5275
random,slow,70,46.60621478137049,8,12,1,1,2,16,18,31,13,1,0,36,25,70.0,70,False,0.3611904761904762
random,slow,70,13.455770795798546,11,12,1,0,2,16,21,31,18,3,0,33,25,70.0,70,False,0.3594047619047619
random,slow,70,15.768862973768664,8,12,1,0,2,15,18,28,16,0,0,37,24,70.0,70,False,0.2676190476190476
random,slow,70,17.24060894551763,8,12,1,0,2,12,18,24,14,2,0,40,21,70.0,70,False,0.2633333333333333
random,slow,70,14.310177096855613,8,12,1,0,2,13,18,25,16,0,0,39,22,70.0,70,False,0.2676190476190476
random,slow,65,75.53875885606809,12,12,2,1,2,14,17,28,14,6,0,34,19,65.0,70,True,0.49659340659340656
random,slow,38,80.28788005721624,12,12,2,0,2,5,8,8,16,4,0,25,1,38.0,70,True,0.5045864661654135
random,slow,70,10.197285784936861,11,12,1,0,2,16,20,31,19,3,0,34,24,70.0,70,False,0.361547619047619
random,slow,68,47.50203908760023,12,12,2,0,2,15,20,30,20,2,0,33,23,68.0,70,True,0.39983193277310924
random,slow,70,36.64893582854661,11,12,1,1,2,17,21,31,19,5,0,32,26,70.0,70,False,0.461547619047619
random,slow,70,20.35502576869135,11,12,1,0,2,14,18,25,20,5,0,38,20,70.0,70,False,0.3636904761904762
random,slow,70,22.64343618161038,11,12,1,0,2,15,18,27,21,3,0,37,21,70.0,70,False,0.3658333333333333
random,slow,70,19.866848562611523,11,12,1,0,2,14,15,25,19,2,0,41,17,70.0,70,False,0.361547619047619
random,slow,57,84.8338632877714,12,12,2,1,2,8,14,15,17,4,0,35,10,57.0,70,True,0.5318796992481203
random,slow,45,102.51712552819953,12,12,2,1,2,6,11,11,20,4,0,28,5,45.0,70,True,0.588095238095238
random,slow,70,20.55859429323608,9,12,1,0,2,14,18,28,14,3,0,38,23,70.0,70,False,0.2925
random,slow,64,81.80403786767347,12,12,2,1,2,12,14,23,15,5,0,38,14,64.0,70,True,0.5022991071428571
random,slow,70,41.75796218275603,8,12,1,1,2,14,18,26,14,2,0,38,23,70.0,70,False,0.3633333333333333
random,slow,70,45.02299849557898,11,12,1,1,2,14,18,27,18,6,0,38,20,70.0,70,False,0.45940476190476187
random,slow,64,60.123543347263535,12,12,2,0,2,11,17,22,17,10,0,36,16,64.0,70,True,0.4069866071428571
random,slow,70,15.685391940164166,8,12,1,0,2,12,17,24,16,1,0,41,20,70.0,70,False,0.2676190476190476
random,slow,70,11.311561544319154,8,12,1,0,2,14,20,28,16,1,0,36,25,70.0,70,False,0.2676190476190476
random,slow,42,120.97705778347009,12,12,2,2,2,6,10,11,16,7,0,26,4,42.0,70,True,0.687142857142857
random,slow,70,28.78202872629691,8,12,1,1,2,17,19,33,13,0,0,34,27,70.0,70,False,0.3611904761904762
random,slow,70,41.373506379308324,8,12,1,1,2,15,18,29,14,0,0,37,24,70.0,70,False,0.3633333333333333
random,expert,52,49.00148465552116,12,12,2,0,2,15,13,21,10,6,0,24,16,52.0,70,True,0.43027472527472527
random,expert,38,98.82306253783148,12,12,2,2,2,9,10,14,4,8,0,19,7,38.0,70,True,0.6572180451127819
random,expert,53,46.09019288298537,12,12,2,0,2,17,16,28,6,6,0,20,21,53.0,70,True,0.41555256064690027
random,expert,32,110.06457418538844,12,12,2,2,2,11,9,16,6,7,0,12,8,32.0,70,True,0.6866964285714285
random,expert,30,106.59794496780107,12,12,2,2,2,9,6,10,6,10,0,15,3,30.0,70,True,0.6942857142857142
random,expert,31,86.7881803766194,12,12,2,1,2,12,8,16,5,7,0,11,8,31.0,70,True,0.5856221198156681
random,expert,35,110.30082372390356,12,12,2,2,2,11,11,18,5,7,0,13,10,35.0,70,True,0.6714285714285714
random,expert,37,116.60358906088602,12,12,2,2,2,13,12,21,5,5,0,12,13,37.0,70,True,0.6645559845559845
random,expert,37,114.2460186360743,12,12,2,2,2,8,11,16,6,10,0,18,7,37.0,70,True,0.6686100386100386
random,expert,33,102.7097705044097,12,12,2,2,2,11,7,12,4,11,0,15,6,33.0,70,True,0.6738961038961039
random,expert,32,125.7731949866661,12,12,2,2,2,7,8,10,4,10,0,17,3,32.0,70,True,0.6773214285714286
random,expert,33,108.62431203343468,12,12,2,2,2,12,7,13,5,9,0,14,7,33.0,70,True,0.6784415584415584
random,expert,32,116.44150739621817,12,12,2,2,2,12,7,14,6,8,0,13,7,32.0,70,True,0.6866964285714285
random,expert,33,111.2948042696753,12,12,2,2,2,10,9,14,6,9,0,14,7,33.0,70,True,0.682987012987013
random,expert,46,88.4531315963028,12,12,2,1,2,9,10,14,3,10,0,27,7,46.0,70,True,0.5283540372670807
random,expert,35,113.42493691197873,12,12,2,2,2,12,9,17,3,9,0,14,9,35.0,70,True,0.6628571428571428
random,expert,30,112.5104432353886,12,12,2,2,2,12,7,14,2,4,0,11,7,30.0,70,True,0.6742857142857143
random,expert,70,23.340381711476603,8,12,1,1,2,18,19,34,4,3,0,33,28,70.0,70,False,0.3419047619047619
random,expert,30,123.16601868216019,12,12,2,2,2,9,8,15,5,8,0,13,5,30.0,70,True,0.6892857142857143
random,expert,37,108.14738943963229,12,12,2,2,2,12,9,18,4,9,0,16,9,37.0,70,True,0.6605019305019305
random,expert,44,99.85131358432818,12,12,2,2,2,12,12,17,3,11,0,20,12,44.0,70,True,0.6345129870129871
random,expert,43,76.1088728163939,12,12,2,1,2,12,9,16,4,11,0,22,9,43.0,70,True,0.5410963455149501
random,expert,32,90.30472333493917,12,12,2,1,2,13,7,14,6,6,0,12,8,32.0,70,True,0.5866964285714286
random,expert,48,53.96623721273109,12,12,2,0,2,17,14,25,5,7,0,17,19,48.0,70,True,0.4284821428571428
random,expert,37,106.26414622079182,12,12,2,2,2,11,8,14,6,11,0,18,7,37.0,70,True,0.6686100386100386
random,expert,38,106.06602060238188,12,12,2,2,2,13,11,21,5,10,0,14,12,38.0,70,True,0.6611654135338345
random,expert,32,111.31826789263852,12,12,2,2,2,11,8,13,4,7,0,13,7,32.0,70,True,0.6773214285714286
random,expert,30,119.40445573984923,12,12,2,2,2,11,5,9,4,8,0,14,4,30.0,70,True,0.6842857142857143
random,expert,70,25.659880858923373,11,12,1,1,2,20,17,31,2,13,0,33,26,70.0,70,False,0.4251190476190476
random,expert,39,78.26036833069296,12,12,2,1,2,11,8,14,4,9,0,20,7,39.0,70,True,0.5539560439560439
random,expert,36,110.71228840705672,12,12,2,2,2,12,10,17,9,6,0,14,10,36.0,70,True,0.6846428571428571
random,expert,44,94.01783470561037,12,12,2,1,2,11,8,14,3,11,0,25,7,44.0,70,True,0.534512987012987
random,expert,70,14.200217398017367,8,12,1,1,2,20,19,35,4,3,0,31,30,70.0,70,False,0.3419047619047619
random,expert,32,125.66040876753695,12,12,2,2,2,11,8,13,4,8,0,13,7,32.0,70,True,0.6773214285714286
random,expert,30,105.02326889092119,12,12,2,2,2,10,7,12,4,7,0,13,5,30.0,70,True,0.6842857142857143
random,expert,47,82.186821126686,12,12,2,1,2,15,14,23,6,9,0,18,17,47.0,70,True,0.5348632218844984
random,expert,32,117.69236087448544,12,12,2,2,2,11,8,13,3,9,0,13,7,32.0,70,True,0.6726339285714286
random,expert,70,27.976873549144926,11,12,1,1,2,19,18,31,4,10,0,33,25,70.0,70,False,0.42940476190476184
random,expert,35,105.03460791104743,12,12,2,2,2,10,9,16,7,11,0,16,7,35.0,70,True,0.6799999999999999
random,expert,35,114.71431641603499,12,12,2,2,2,12,11,17,4,6,0,12,11,35.0,70,True,0.667142857142857
random,expert,41,90.20499747777194,12,12,2,1,2,13,11,21,3,7,0,17,12,41.0,70,True,0.5438327526132404
random,expert,48,75.6990886830563,12,12,2,1,2,17,13,26,3,11,0,18,18,48.0,70,True,0.5222321428571428
random,expert,70,20.27688876210604,8,12,1,1,2,23,19,37,3,5,0,28,33,70.0,70,False,0.3397619047619047
random,expert,63,66.62379928206899,12,12,2,1,2,22,18,34,7,6,0,23,28,63.0,70,True,0.4866666666666667
random,expert,25,122.3484421722502,12,12,2,2,2,7,5,9,4,8,0,13,0,25.0,70,True,0.7025714285714286
random,expert,29,117.91216507582638,12,12,2,2,2,11,7,13,5,8,0,11,6,29.0,70,True,0.6930049261083744
random,expert,70,28.818418118002974,8,12,1,1,2,22,20,39,5,2,0,28,33,70.0,70,False,0.34404761904761905
random,expert,35,109.21694015944982,12,12,2,2,2,12,7,13,2,8,0,16,7,35.0,70,True,0.6585714285714286
random,expert,34,84.23985182561995,12,12,2,1,2,9,9,12,4,10,0,16,6,34.0,70,True,0.5705042016806723
random,expert,36,89.21854063532844,12,12,2,1,2,10,10,13,4,10,0,16,8,36.0,70,True,0.5638095238095238
random,novice,70,48.705366395041644,8,12,1,1,2,12,17,23,17,0,0,41,20,70.0,70,False,0.36976190476190474
random,novice,70,48.38603254338588,11,12,1,1,2,11,18,21,15,5,0,41,17,70.0,70,False,0.4529761904761904
random,novice,66,63.29098013131295,12,12,2,0,2,13,20,25,22,4,0,33,21,66.0,70,True,0.4114285714285714
random,novice,70,21.211311084574884,11,12,1,0,2,15,19,28,19,4,0,36,22,70.0,70,False,0.361547619047619
random,novice,70,40.43155410506845,8,12,1,1,2,14,21,27,18,1,0,35,26,70.0,70,False,0.37190476190476185
random,novice,56,88.42178090324919,12,12,2,1,2,8,14,16,19,5,0,34,10,56.0,70,True,0.5408928571428571
random,novice,65,68.53736994476112,12,12,2,0,2,9,16,17,16,8,0,40,13,65.0,70,True,0.4012087912087912
random,novice,70,13.884591258798972,8,12,1,0,2,12,18,23,18,1,0,40,21,70.0,70,False,0.27190476190476187
random,novice,51,91.41885907036072,12,12,2,1,2,8,14,16,21,1,0,29,10,51.0,70,True,0.5660504201680672
random,novice,65,69.10003648635148,12,12,2,0,2,8,16,15,23,5,0,41,12,65.0,70,True,0.41736263736263735
random,novice,70,12.892464282670716,8,12,1,0,2,14,18,27,17,1,0,38,23,70.0,70,False,0.26976190476190476
random,novice,70,31.619464845333404,7,12,1,1,2,12,19,23,18,0,0,39,23,70.0,70,False,0.34273809523809523
random,novice,55,71.67597672860077,12,12,2,0,2,8,13,15,20,4,0,34,9,55.0,70,True,0.4474025974025974
random,novice,70,33.61600107248097,8,12,1,1,2,12,20,24,17,2,0,38,23,70.0,70,False,0.36976190476190474
random,novice,70,12.974576945520736,8,12,1,0,2,13,20,25,17,1,0,37,24,70.0,70,False,0.26976190476190476
random,novice,70,20.075525023405138,11,12,1,0,2,13,19,25,16,3,0,38,20,70.0,70,False,0.35511904761904756
random,novice,70,42.27809070392713,7,12,1,1,2,14,19,27,16,0,0,37,25,70.0,70,False,0.33845238095238095
random,novice,70,9.051767351357272,8,12,1,0,2,15,17,28,14,5,0,38,23,70.0,70,False,0.2633333333333333
random,novice,64,65.86576764824626,12,12,2,0,2,11,17,21,21,2,0,36,16,64.0,70,True,0.4163616071428571
random,novice,70,18.415680685362435,8,12,1,0,2,14,19,26,17,3,0,37,24,70.0,70,False,0.26976190476190476
random,novice,70,43.026130922670355,8,12,1,1,2,10,16,19,17,3,0,44,17,70.0,70,False,0.36976190476190474
random,novice,70,33.75315199771126,8,12,1,1,2,13,18,26,16,2,0,39,22,70.0,70,False,0.3676190476190476
random,novice,59,69.78725947361454,12,12,2,0,2,8,15,16,24,5,0,36,11,59.0,70,True,0.44244552058111375
random,novice,70,14.168870292186934,8,12,1,0,2,15,18,29,13,1,0,37,24,70.0,70,False,0.2611904761904762
random,novice,70,37.96181129505029,7,12,1,1,2,14,20,27,17,0,0,36,26,70.0,70,False,0.34059523809523806
random,novice,70,20.047065226462312,8,12,1,0,2,14,19,27,17,0,0,37,24,70.0,70,False,0.26976190476190476
random,novice,70,37.776701407116164,8,12,1,1,2,10,17,20,17,2,0,43,18,70.0,70,False,0.36976190476190474
random,novice,70,26.819088031169706,11,12,1,0,2,10,18,20,22,3,0,42,16,70.0,70,False,0.36797619047619046
random,novice,70,22.14351603981042,11,12,1,0,2,15,22,28,23,3,0,33,25,70.0,70,False,0.37011904761904757
random,novice,69,59.74241542820194,12,12,2,0,2,10,17,19,22,6,0,42,15,69.0,70,True,0.40068322981366455
random,novice,59,85.61821723987002,12,12,2,1,2,10,15,19,19,4,0,34,13,59.0,70,True,0.5297336561743341
random,novice,70,23.140560664523676,11,12,1,0,2,13,21,26,21,2,0,36,22,70.0,70,False,0.3658333333333333
random,novice,60,66.788797934876,12,12,2,0,2,9,18,18,25,4,0,33,15,60.0,70,True,0.44107142857142856
random,novice,70,20.706450292715566,11,12,1,0,2,15,21,29,17,3,0,34,24,70.0,70,False,0.3572619047619047
random,novice,70,28.42806669675526,11,12,1,0,2,14,18,26,21,2,0,38,20,70.0,70,False,0.3658333333333333
random,novice,70,44.886820098107506,9,12,1,1,2,12,18,23,16,3,0,40,20,70.0,70,False,0.3967857142857142
random,novice,70,10.211514654825736,8,12,1,0,2,11,17,21,18,0,0,42,19,70.0,70,False,0.27190476190476187
random,novice,59,66.97367096806803,12,12,2,0,2,9,18,18,25,1,0,32,15,59.0,70,True,0.4449878934624697
random,novice,48,76.59775575181322,12,12,2,0,2,6,12,11,20,3,0,30,6,48.0,70,True,0.4753571428571428
random,novice,70,15.44400288040185,8,12,1,0,2,12,15,23,14,2,0,43,18,70.0,70,False,0.2633333333333333
random,novice,70,13.645278240486036,8,12,1,0,2,16,20,32,15,1,0,34,27,70.0,70,False,0.2654761904761904
random,novice,70,18.098329752146235,8,12,1,0,2,10,18,20,17,1,0,42,19,70.0,70,False,0.26976190476190476
random,novice,70,52.045148119886946,11,12,1,1,2,10,18,19,18,6,0,42,16,70.0,70,False,0.45940476190476187
random,novice,48,75.75807239876443,12,12,2,0,2,7,12,14,16,1,0,29,7,48.0,70,True,0.4628571428571428
random,novice,70,32.695979136502366,8,12,1,1,2,11,17,20,18,3,0,42,19,70.0,70,False,0.37190476190476185
random,novice,70,40.105396852949426,7,12,1,1,2,14,20,27,15,0,0,36,26,70.0,70,False,0.33630952380952384
random,novice,70,20.684630677749706,11,12,1,0,2,16,22,31,23,3,0,32,26,70.0,70,False,0.37011904761904757
random,novice,70,22.019382753223805,8,12,1,0,2,12,19,23,19,0,0,39,22,70.0,70,False,0.27404761904761904
random,novice,70,26.04262895958769,11,12,1,0,2,11,19,21,25,0,0,40,18,70.0,70,False,0.37440476190476185
random,novice,70,17.027583415564713,8,12,1,0,2,14,18,27,16,1,0,38,23,70.0,70,False,0.2676190476190476
random,tired,70,44.7438136032413,8,12,1,1,2,14,18,28,13,0,0,38,23,70.0,70,False,0.3611904761904762
random,tired,53,69.55003025327551,12,12,2,0,2,9,14,18,20,4,0,30,11,53.0,70,True,0.4551752021563342
random,tired,70,16.384005698104737,11,12,1,0,2,15,20,29,17,5,0,35,23,70.0,70,False,0.3572619047619047
random,tired,58,89.2786119606379,12,12,2,1,2,9,14,17,22,6,0,35,11,58.0,70,True,0.5411822660098522
random,tired,70,47.19721379365045,11,12,1,1,2,15,18,29,18,3,0,37,21,70.0,70,False,0.45940476190476187
random,tired,70,20.470959126885713,11,12,1,0,2,14,19,27,17,3,0,37,21,70.0,70,False,0.3572619047619047
random,tired,52,68.27998611934193,12,12,2,0,2,7,14,13,18,4,0,31,9,52.0,70,True,0.4533516483516483
random,tired,53,70.77773471290307,12,12,2,0,2,9,11,15,18,4,0,33,8,53.0,70,True,0.44951482479784366
random,tired,70,36.413025134779566,8,12,1,1,2,13,17,24,18,0,0,40,21,70.0,70,False,0.37190476190476185
random,tired,44,119.02538505070282,12,12,2,2,2,6,10,12,19,3,0,28,4,44.0,70,True,0.6890584415584415
random,tired,70,38.566720022869504,8,12,1,1,2,9,13,18,12,3,0,48,13,70.0,70,False,0.35904761904761906
random,tired,70,23.03122226569313,11,12,1,0,2,10,18,19,27,0,0,42,16,70.0,70,False,0.37869047619047613
random,tired,57,63.006162261170225,12,12,2,0,2,11,17,22,15,7,0,29,16,57.0,70,True,0.42661654135338345
random,tired,50,87.32828055723809,12,12,2,1,2,9,12,16,18,6,0,29,9,50.0,70,True,0.5611428571428572
random,tired,59,58.880387723558165,12,12,2,0,2,10,16,20,21,4,0,33,14,59.0,70,True,0.43481840193704596
random,tired,70,16.8527918998391,8,12,1,0,2,14,17,27,16,1,0,39,22,70.0,70,False,0.2676190476190476
random,tired,70,26.670496584115387,11,12,1,0,2,12,16,22,17,4,0,42,16,70.0,70,False,0.3572619047619047
random,tired,70,14.305114603224247,8,12,1,0,2,17,20,32,15,2,0,33,28,70.0,70,False,0.2654761904761904
random,tired,70,16.255726406538653,11,12,1,0,2,16,18,30,17,2,0,36,22,70.0,70,False,0.3572619047619047
random,tired,70,23.09091703882969,11,12,1,0,2,14,18,27,18,5,0,38,20,70.0,70,False,0.3594047619047619
random,tired,70,21.016094820064247,10,12,1,0,2,14,17,24,19,3,0,39,20,70.0,70,False,0.3323809523809524
random,tired,62,58.305134809389244,12,12,2,0,2,11,15,21,23,3,0,36,14,62.0,70,True,0.42850230414746543
random,tired,70,12.29639730089712,11,12,1,0,2,13,19,24,18,2,0,38,20,70.0,70,False,0.3594047619047619
random,tired,70,14.985838266910044,8,12,1,0,2,12,16,23,14,0,0,42,19,70.0,70,False,0.2633333333333333
random,tired,70,39.637663659951606,8,12,1,1,2,14,18,27,14,1,0,38,23,70.0,70,False,0.3633333333333333
random,tired,70,78.01046153379943,12,12,2,1,2,12,18,24,19,4,0,40,18,70.0,70,True,0.49071428571428566
random,tired,67,61.24452998539127,12,12,2,0,2,12,19,24,21,3,0,36,19,67.0,70,True,0.4055863539445629
random,tired,68,54.66761797972103,12,12,2,0,2,14,16,25,18,8,0,38,18,68.0,70,True,0.3954201680672269
random,tired,70,14.690032461428984,11,12,1,0,2,13,19,25,19,4,0,38,20,70.0,70,False,0.361547619047619
random,tired,70,31.629004296512623,8,12,1,1,2,15,20,29,18,1,0,35,26,70.0,70,False,0.37190476190476185
random,tired,56,83.9995245154396,12,12,2,1,2,10,14,20,19,4,0,32,12,56.0,70,True,0.5408928571428571
random,tired,60,91.32625820955573,12,12,2,1,2,8,16,16,17,5,0,36,12,60.0,70,True,0.5210714285714285
random,tired,70,17.190352533389284,11,12,1,0,2,16,21,31,19,2,0,33,25,70.0,70,False,0.361547619047619
random,tired,70,47.80629313112152,8,12,1,1,2,15,22,30,15,1,0,33,28,70.0,70,False,0.3654761904761904
random,tired,70,45.92112375779906,11,12,1,1,2,14,19,26,18,4,0,37,21,70.0,70,False,0.45940476190476187
random,tired,70,15.98903516540441,8,12,1,0,2,16,21,32,14,0,0,33,28,70.0,70,False,0.2633333333333333
random,tired,52,93.58085422173906,12,12,2,1,2,9,14,18,19,3,0,29,11,52.0,70,True,0.5562362637362637
random,tired,70,90.06458698072359,12,12,2,1,2,10,16,19,17,6,0,44,14,70.0,70,True,0.48642857142857143
random,tired,70,32.881765398508804,8,12,1,1,2,14,17,28,14,2,0,39,22,70.0,70,False,0.3633333333333333
random,tired,70,11.178033013767207,11,12,1,0,2,13,18,26,19,3,0,39,19,70.0,70,False,0.361547619047619
random,tired,55,65.95048689884247,12,12,2,0,2,9,12,17,20,6,0,34,9,55.0,70,True,0.4474025974025974
random,tired,70,11.291210352984056,8,12,1,0,2,13,19,26,16,1,0,38,23,70.0,70,False,0.2676190476190476
random,tired,65,58.24107880869015,12,12,2,0,2,10,16,18,21,1,0,39,14,65.0,70,True,0.4127472527472527
random,tired,70,45.754622818778614,8,12,1,1,2,13,17,25,17,0,0,40,21,70.0,70,False,0.36976190476190474
random,tired,70,26.79258334077352,8,12,1,1,2,12,18,24,16,2,0,40,21,70.0,70,False,0.3676190476190476
random,tired,70,14.377875753892466,8,12,1,0,2,14,19,27,17,1,0,37,24,70.0,70,False,0.26976190476190476
random,tired,70,53.39519926372721,12,12,2,0,2,13,22,26,22,1,0,35,23,70.0,70,True,0.39714285714285713
random,tired,50,71.03442300539749,12,12,2,0,2,11,14,21,17,3,0,25,13,50.0,70,True,0.45814285714285713
random,tired,70,18.221032702087196,8,12,1,0,2,16,20,31,14,0,0,34,27,70.0,70,False,0.2633333333333333
random,tired,50,94.80892421931716,12,12,2,1,2,9,12,17,16,8,0,29,9,50.0,70,True,0.5551428571428572
random,easy_first,60,79.00788621743595,12,12,2,1,2,13,15,22,14,5,0,32,16,60.0,70,True,0.5135714285714286
random,easy_first,49,84.54605726922973,12,12,2,1,2,9,13,17,13,7,0,27,10,49.0,70,True,0.5497959183673469
random,easy_first,52,59.60505742654351,12,12,2,0,2,11,13,19,15,5,0,28,12,52.0,70,True,0.4446978021978022
random,easy_first,48,86.0617549424534,12,12,2,1,2,12,13,21,15,3,0,23,13,48.0,70,True,0.5597321428571428
random,easy_first,38,108.85037837573975,12,12,2,2,2,9,8,12,10,4,0,21,5,38.0,70,True,0.6809022556390978
random,easy_first,70,46.72430219815964,8,12,1,1,2,18,20,33,11,1,0,32,29,70.0,70,False,0.35690476190476184
random,easy_first,70,43.07191872525953,8,12,1,1,2,16,15,28,14,2,0,39,22,70.0,70,False,0.3633333333333333
random,easy_first,57,60.75006688999285,12,12,2,0,2,8,15,16,11,11,0,34,11,57.0,70,True,0.41609022556390973
random,easy_first,70,31.06627080735758,8,12,1,1,2,12,15,21,16,0,0,43,18,70.0,70,False,0.3676190476190476
random,easy_first,70,32.395330190622644,8,12,1,1,2,13,15,21,17,0,0,42,19,70.0,70,False,0.36976190476190474
random,easy_first,53,66.74439387590597,12,12,2,0,2,7,11,13,17,8,0,35,6,53.0,70,True,0.4466846361185984
random,easy_first,51,92.10455326512432,12,12,2,1,2,10,11,16,14,8,0,30,9,51.0,70,True,0.5454621848739496
random,easy_first,55,56.4395083760363,12,12,2,0,2,15,14,26,12,4,0,26,17,55.0,70,True,0.42558441558441557
random,easy_first,70,45.504101483166124,8,12,1,1,2,15,17,27,15,1,0,38,23,70.0,70,False,0.3654761904761904
random,easy_first,57,56.906889492890954,12,12,2,0,2,13,13,20,15,8,0,31,14,57.0,70,True,0.42661654135338345
random,easy_first,47,66.90145934921306,12,12,2,0,2,7,12,13,17,5,0,28,7,47.0,70,True,0.46996960486322187
random,easy_first,55,62.15185816569438,12,12,2,0,2,11,12,18,18,7,0,32,11,55.0,70,True,0.4419480519480519
random,easy_first,70,40.06732171079624,11,12,1,1,2,16,20,31,13,7,0,34,24,70.0,70,False,0.4486904761904762
random,easy_first,47,91.15486889524752,12,12,2,1,2,9,10,12,16,9,0,28,7,47.0,70,True,0.5667781155015198
random,easy_first,70,15.21813405510607,9,12,1,0,2,15,19,28,15,2,0,36,24,70.0,70,False,0.2946428571428571
random,easy_first,60,79.43646492392737,12,12,2,1,2,15,16,29,13,4,0,29,19,60.0,70,True,0.5110714285714285
random,easy_first,42,84.73564471479912,12,12,2,1,2,8,10,15,12,5,0,24,6,42.0,70,True,0.5728571428571428
random,easy_first,65,42.038719032267196,12,12,2,0,2,16,19,30,13,4,0,30,23,65.0,70,True,0.39428571428571424
random,easy_first,70,2.5371131511809524,11,12,1,0,2,16,17,27,13,2,0,37,21,70.0,70,False,0.34869047619047616
random,easy_first,70,8.924821455678707,8,12,1,0,2,16,17,29,13,1,0,37,24,70.0,70,False,0.2611904761904762
random,easy_first,70,40.81671999634463,8,12,1,1,2,17,17,32,11,2,0,36,25,70.0,70,False,0.35690476190476184
random,easy_first,70,18.318225170988654,8,12,1,0,2,15,19,28,16,1,0,36,25,70.0,70,False,0.2676190476190476
random,easy_first,43,92.19693553749133,12,12,2,1,2,9,13,17,12,4,0,21,10,43.0,70,True,0.5690033222591362
random,easy_first,43,98.18973238329882,12,12,2,1,2,8,11,15,14,2,0,24,7,43.0,70,True,0.5759800664451827
random,easy_first,70,18.47606967113688,8,12,1,0,2,15,15,24,11,2,0,40,21,70.0,70,False,0.25690476190476186
random,easy_first,46,79.25164109724693,12,12,2,1,2,11,12,18,13,6,0,23,11,46.0,70,True,0.5609627329192546
random,easy_first,70,45.92046859302622,8,12,1,1,2,18,21,36,11,0,0,31,30,70.0,70,False,0.35690476190476184
random,easy_first,51,68.34719728908166,12,12,2,0,2,9,9,11,18,8,0,33,6,51.0,70,True,0.45722689075630246
random,easy_first,70,39.82164496385477,8,12,1,1,2,19,19,34,10,2,0,32,29,70.0,70,False,0.3547619047619047
random,easy_first,70,34.77400970621482,8,12,1,1,2,18,20,32,16,0,0,32,29,70.0,70,False,0.3676190476190476
random,easy_first,54,78.74486359791405,12,12,2,1,2,14,15,22,11,7,0,25,17,54.0,70,True,0.5262698412698412
random,easy_first,70,42.36803015553611,8,12,1,1,2,15,16,28,11,5,0,39,22,70.0,70,False,0.35690476190476184
random,easy_first,70,33.328329443444176,8,12,1,1,2,17,19,31,15,1,0,34,27,70.0,70,False,0.3654761904761904
random,easy_first,64,78.12944681474377,12,12,2,1,2,13,14,21,12,7,0,37,15,64.0,70,True,0.49526785714285715
random,easy_first,39,97.99767510351407,12,12,2,1,2,7,10,14,13,4,0,22,5,39.0,70,True,0.5885714285714285
random,easy_first,45,90.9991334745842,12,12,2,1,2,10,13,19,12,2,0,22,11,45.0,70,True,0.5614285714285714
random,easy_first,57,57.15411014436161,12,12,2,0,2,11,13,19,14,5,0,33,12,57.0,70,True,0.423984962406015
random,easy_first,70,29.10827075601404,8,12,1,1,2,16,18,32,8,4,0,36,25,70.0,70,False,0.3504761904761905
random,easy_first,46,88.61109457061403,12,12,2,1,2,8,10,10,15,9,0,28,6,46.0,70,True,0.5674844720496894
random,easy_first,70,24.763302211979845,8,12,1,1,2,19,18,32,13,1,0,33,28,70.0,70,False,0.3611904761904762
random,easy_first,56,81.50395116636645,12,12,2,1,2,10,13,17,15,12,0,33,11,56.0,70,True,0.5301785714285714
random,easy_first,70,4.499993159123179,8,12,1,0,2,13,17,25,15,3,0,40,21,70.0,70,False,0.2654761904761904
random,easy_first,70,35.53754988586473,8,12,1,1,2,19,17,33,10,5,0,34,27,70.0,70,False,0.3547619047619047
random,easy_first,70,25.476371187008542,8,12,1,1,2,17,20,32,13,2,0,33,28,70.0,70,False,0.3611904761904762
random,easy_first,57,63.083399334253954,12,12,2,0,2,10,14,16,19,6,0,33,12,57.0,70,True,0.4371428571428571
random,hard_first,63,52.9462973490077,12,12,2,0,2,13,15,22,17,6,0,35,16,63.0,70,True,0.41047619047619044
random,hard_first,70,25.73856025992234,8,12,1,1,2,15,17,28,8,5,0,38,23,70.0,70,False,0.3504761904761905
random,hard_first,64,49.89541999200684,12,12,2,0,2,15,18,26,18,4,0,31,21,64.0,70,True,0.4093303571428571
random,hard_first,37,118.81193013291343,12,12,2,2,2,7,9,13,12,5,0,21,4,37.0,70,True,0.692934362934363
random,hard_first,37,106.9666446074829,12,12,2,2,2,9,9,17,12,5,0,19,6,37.0,70,True,0.692934362934363
random,hard_first,70,43.49680325893001,8,12,1,1,2,19,21,38,9,3,0,30,31,70.0,70,False,0.3526190476190476
random,hard_first,48,67.35037664909942,12,12,2,0,2,11,11,20,13,4,0,26,10,48.0,70,True,0.45348214285714283
random,hard_first,70,2.9204112579523165,8,12,1,0,2,14,16,27,11,2,0,40,21,70.0,70,False,0.25690476190476186
random,hard_first,42,86.95537182032527,12,12,2,1,2,9,11,16,9,5,0,22,8,42.0,70,True,0.5621428571428572
random,hard_first,46,85.32070157114153,12,12,2,1,2,11,11,19,15,3,0,24,10,46.0,70,True,0.5674844720496894
random,hard_first,70,39.89107769426588,11,12,1,1,2,12,15,23,10,11,0,43,15,70.0,70,False,0.44226190476190474
random,hard_first,38,90.35092841107706,12,12,2,1,2,9,9,16,10,8,0,20,6,38.0,70,True,0.5809022556390977
random,hard_first,34,94.11462106782261,12,12,2,1,2,7,9,14,11,4,0,18,4,34.0,70,True,0.6013865546218488
random,hard_first,70,24.31516026296839,8,12,1,1,2,17,18,32,14,2,0,35,26,70.0,70,False,0.3633333333333333
random,hard_first,52,52.1824824595312,12,12,2,0,2,13,14,25,12,5,0,25,15,52.0,70,True,0.436043956043956
random,hard_first,70,30.197981180855663,8,12,1,1,2,17,18,31,10,2,0,35,26,70.0,70,False,0.3547619047619047
random,hard_first,44,91.86757648576176,12,12,2,1,2,9,11,15,13,6,0,24,8,44.0,70,True,0.5686038961038961
random,hard_first,66,39.57339070833365,12,12,2,0,2,18,20,32,7,9,0,28,26,66.0,70,True,0.37733766233766236
random,hard_first,60,49.697993751876254,12,12,2,0,2,16,14,25,13,8,0,30,18,60.0,70,True,0.41107142857142853
random,hard_first,46,88.1547563722639,12,12,2,1,2,11,12,18,10,6,0,23,11,46.0,70,True,0.5511801242236024
random,hard_first,65,74.18247146054233,12,12,2,1,2,18,17,29,10,6,0,30,23,65.0,70,True,0.4873626373626373
random,hard_first,70,9.86943383462529,11,12,1,0,2,19,18,34,11,5,0,33,25,70.0,70,False,0.3444047619047619
random,hard_first,50,59.4350361895838,12,12,2,0,2,11,11,17,10,10,0,28,10,50.0,70,True,0.43714285714285717
random,hard_first,39,66.79966284176172,12,12,2,0,2,8,11,16,13,6,0,20,7,39.0,70,True,0.48857142857142855
random,hard_first,66,78.01672613767809,12,12,2,1,2,14,15,24,9,9,0,37,17,66.0,70,True,0.4818831168831169
random,hard_first,64,52.587703400946396,12,12,2,0,2,17,18,28,13,3,0,29,23,64.0,70,True,0.3976116071428571
random,hard_first,40,113.32012403524058,12,12,2,2,2,9,10,16,10,7,0,21,7,40.0,70,True,0.6732142857142858
random,hard_first,47,92.25946308546195,12,12,2,1,2,9,13,16,13,7,0,25,10,47.0,70,True,0.5572036474164134
random,hard_first,43,86.87699366407827,12,12,2,1,2,12,14,22,11,3,0,17,14,43.0,70,True,0.565514950166113
random,hard_first,63,52.67438741613151,12,12,2,0,2,16,15,26,8,7,0,32,19,63.0,70,True,0.38904761904761903
random,hard_first,67,66.58735671340783,12,12,2,1,2,17,17,28,9,8,0,33,22,67.0,70,True,0.47872068230277187
random,hard_first,70,1.4999632663918536,8,12,1,0,2,22,20,38,12,2,0,28,33,70.0,70,False,0.259047619047619
random,hard_first,44,87.10575038936211,12,12,2,1,2,9,12,17,11,6,0,23,9,44.0,70,True,0.5617857142857142
random,hard_first,70,-0.6342302110175319,11,12,1,0,2,19,20,34,12,5,0,31,27,70.0,70,False,0.346547619047619
random,hard_first,37,108.83568571411959,12,12,2,2,2,8,11,15,13,3,0,18,7,37.0,70,True,0.6969884169884171
random,hard_first,35,123.74529667189053,12,12,2,2,2,9,9,15,13,3,0,17,6,35.0,70,True,0.7057142857142857
random,hard_first,70,5.2726562196338245,8,12,1,0,2,20,22,39,9,2,0,28,33,70.0,70,False,0.2526190476190476
random,hard_first,70,27.409829044110616,8,12,1,1,2,15,19,30,10,3,0,36,25,70.0,70,False,0.3547619047619047
random,hard_first,40,109.6995641886266,12,12,2,2,2,10,10,17,15,5,0,20,8,40.0,70,True,0.6919642857142858
random,hard_first,49,88.48813986467646,12,12,2,1,2,13,14,21,12,8,0,22,15,49.0,70,True,0.546734693877551
random,hard_first,65,46.46919356150728,12,12,2,0,2,15,16,26,9,9,0,34,19,65.0,70,True,0.38505494505494503
random,hard_first,70,27.11809594626661,8,12,1,1,2,16,16,28,12,4,0,38,23,70.0,70,False,0.35904761904761906
random,hard_first,56,57.65673272203943,12,12,2,0,2,12,11,17,12,10,0,33,11,56.0,70,True,0.4221428571428571
random,hard_first,50,78.67995308840523,12,12,2,1,2,10,12,20,10,9,0,28,10,50.0,70,True,0.5371428571428571
random,hard_first,70,7.883250630218733,8,12,1,0,2,16,19,31,10,1,0,35,26,70.0,70,False,0.25476190476190474
random,hard_first,61,71.16641195967861,12,12,2,1,2,16,17,30,9,6,0,28,21,61.0,70,True,0.4978454332552693
random,hard_first,40,93.42835253308374,12,12,2,1,2,10,10,17,11,4,0,20,8,40.0,70,True,0.5769642857142857
random,hard_first,27,123.02845944300435,12,12,2,2,2,6,7,11,9,2,0,14,1,27.0,70,True,0.7228571428571429
random,hard_first,38,88.8928250890973,12,12,2,1,2,9,10,15,11,3,0,19,7,38.0,70,True,0.5848496240601504
random,hard_first,58,84.97373674295054,12,12,2,1,2,13,14,23,11,4,0,31,15,58.0,70,True,0.5127339901477832
random,hesitant,70,46.33042889795595,8,12,1,1,2,14,18,28,13,0,0,38,23,70.0,70,False,0.3611904761904762
random,hesitant,55,66.32100293447942,12,12,2,0,2,10,14,20,16,7,0,31,12,55.0,70,True,0.4364935064935065
random,hesitant,70,39.28347236228457,8,12,1,1,2,16,21,32,13,1,0,33,28,70.0,70,False,0.3611904761904762
random,hesitant,70,45.01587186965676,11,12,1,1,2,14,17,25,18,6,0,39,19,70.0,70,False,0.45940476190476187
random,hesitant,70,38.90392597180844,8,12,1,1,2,16,21,31,17,2,0,33,28,70.0,70,False,0.36976190476190474
random,hesitant,46,91.78078802331066,12,12,2,1,2,6,11,12,15,5,0,29,5,46.0,70,True,0.5674844720496894
random,hesitant,52,71.70505936335871,12,12,2,0,2,6,12,11,16,6,0,34,6,52.0,70,True,0.44758241758241757
random,hesitant,70,16.006333756381668,8,12,1,0,2,9,15,18,13,2,0,46,15,70.0,70,False,0.2611904761904762
random,hesitant,69,62.5167138745811,12,12,2,0,2,14,19,26,18,2,0,36,21,69.0,70,True,0.3919875776397515
random,hesitant,63,90.88603025989418,12,12,2,1,2,8,13,15,12,11,0,42,9,63.0,70,True,0.49857142857142855
random,hesitant,69,58.50284895758169,12,12,2,0,2,12,18,23,19,5,0,39,18,69.0,70,True,0.39416149068322975
random,hesitant,55,69.87422918794442,12,12,2,0,2,11,15,22,16,7,0,29,14,55.0,70,True,0.4364935064935065
random,hesitant,37,98.07913876557267,12,12,2,1,2,5,10,10,16,4,0,22,3,37.0,70,True,0.6091505791505791
random,hesitant,70,34.504077949642955,8,12,1,1,2,14,18,27,12,1,0,38,23,70.0,70,False,0.35904761904761906
random,hesitant,70,37.62196855094261,8,12,1,1,2,16,19,31,12,1,0,35,26,70.0,70,False,0.35904761904761906
random,hesitant,70,11.891752122306741,11,12,1,0,2,16,19,29,15,8,0,35,23,70.0,70,False,0.35297619047619044
random,hesitant,70,44.86482402240701,8,12,1,1,2,16,20,32,14,1,0,34,27,70.0,70,False,0.3633333333333333
random,hesitant,65,56.71792717512105,12,12,2,0,2,14,17,28,13,9,0,34,19,65.0,70,True,0.39428571428571424
random,hesitant,54,67.37870210918501,12,12,2,0,2,9,15,17,17,3,0,30,12,54.0,70,True,0.4429365079365079
random,hesitant,70,21.093527542521016,11,12,1,0,2,17,18,32,16,2,0,35,23,70.0,70,False,0.35511904761904756
random,hesitant,45,93.80598060016831,12,12,2,1,2,9,11,18,16,6,0,25,8,45.0,70,True,0.5747619047619047
random,hesitant,70,14.126299075900603,11,12,1,0,2,13,19,25,18,5,0,38,20,70.0,70,False,0.3594047619047619
random,hesitant,70,25.641741724339536,11,12,1,0,2,10,17,20,13,4,0,43,16,70.0,70,False,0.34869047619047616
random,hesitant,64,92.77060998025775,12,12,2,1,2,15,19,30,15,4,0,30,22,64.0,70,True,0.5022991071428571
random,hesitant,70,40.336163593120475,8,12,1,1,2,16,17,30,12,2,0,37,24,70.0,70,False,0.35904761904761906
random,hesitant,69,76.98871952320822,12,12,2,1,2,16,19,32,17,3,0,34,23,69.0,70,True,0.4898136645962733
random,hesitant,58,68.50783956675696,12,12,2,0,2,12,12,23,17,6,0,34,12,58.0,70,True,0.42825123152709355
random,hesitant,70,20.543016699486163,11,12,1,0,2,16,18,30,16,6,0,36,22,70.0,70,False,0.35511904761904756
random,hesitant,42,105.5124035363898,12,12,2,1,2,7,9,13,16,3,0,26,4,42.0,70,True,0.5871428571428571
random,hesitant,70,52.27315030292056,8,12,1,1,2,17,20,33,13,2,0,33,28,70.0,70,False,0.3611904761904762
random,hesitant,70,19.257157077556453,11,12,1,0,2,16,19,28,16,4,0,35,23,70.0,70,False,0.35511904761904756
random,hesitant,38,101.63349428708739,12,12,2,1,2,7,11,13,14,3,0,20,6,38.0,70,True,0.5966917293233083
random,hesitant,70,33.87043540237306,8,12,1,1,2,15,20,29,14,2,0,35,26,70.0,70,False,0.3633333333333333
random,hesitant,70,52.64233113431556,9,12,1,1,2,18,20,35,10,1,0,32,28,70.0,70,False,0.3839285714285714
random,hesitant,59,67.39495002030911,12,12,2,0,2,10,15,20,17,3,0,34,13,59.0,70,True,0.4246489104116222
random,hesitant,44,72.06672255268589,12,12,2,0,2,8,13,16,16,1,0,23,9,44.0,70,True,0.47883116883116883
random,hesitant,70,17.770083108010407,8,12,1,0,2,15,18,29,15,0,0,37,24,70.0,70,False,0.2654761904761904
random,hesitant,51,97.4612286518848,12,12,2,1,2,8,14,15,15,4,0,29,10,51.0,70,True,0.5484033613445378
random,hesitant,45,97.48677512497554,12,12,2,1,2,9,11,16,15,4,0,25,8,45.0,70,True,0.5714285714285714
random,hesitant,70,40.67587935401676,8,12,1,1,2,15,19,29,15,0,0,36,25,70.0,70,False,0.3654761904761904
random,hesitant,70,10.803346168958532,11,12,1,0,2,14,15,24,19,7,0,41,17,70.0,70,False,0.361547619047619
random,hesitant,43,74.35106860662765,12,12,2,0,2,6,12,11,19,2,0,25,6,43.0,70,True,0.49342192691029896
random,hesitant,70,43.314276561585565,8,12,1,1,2,14,16,26,16,1,0,40,21,70.0,70,False,0.3676190476190476
random,hesitant,55,67.42182682977526,12,12,2,0,2,10,15,20,15,5,0,30,13,55.0,70,True,0.43376623376623374
random,hesitant,46,87.11094475541918,12,12,2,1,2,8,12,15,14,5,0,26,8,46.0,70,True,0.564223602484472
random,hesitant,65,59.19798466527848,12,12,2,0,2,11,17,21,20,2,0,37,16,65.0,70,True,0.4104395604395604
random,hesitant,70,21.675645887372234,11,12,1,0,2,14,16,25,19,5,0,40,18,70.0,70,False,0.361547619047619
random,hesitant,44,74.81834526894335,12,12,2,0,2,10,11,17,18,3,0,23,9,44.0,70,True,0.4856493506493506
random,hesitant,63,62.506601554469015,12,12,2,0,2,15,19,30,17,3,0,29,22,63.0,70,True,0.41047619047619044
random,hesitant,58,60.75554841797131,12,12,2,0,2,10,16,20,20,3,0,32,14,58.0,70,True,0.4360098522167487
random,erratic,65,57.6656999851078,12,12,2,0,2,12,16,22,19,3,0,37,16,65.0,70,True,0.40813186813186814
random,erratic,70,17.97174408846775,8,12,1,0,2,13,18,25,17,1,0,39,22,70.0,70,False,0.26976190476190476
random,erratic,70,19.436154230772548,11,12,1,0,2,17,20,33,19,3,0,33,25,70.0,70,False,0.361547619047619
random,erratic,70,38.74569691531251,8,12,1,1,2,14,16,25,17,0,0,40,21,70.0,70,False,0.36976190476190474
random,erratic,70,36.13606379961468,8,12,1,1,2,14,21,27,18,1,0,35,26,70.0,70,False,0.37190476190476185
random,erratic,56,84.35284004300587,12,12,2,1,2,8,14,16,19,5,0,34,10,56.0,70,True,0.5408928571428571
random,erratic,61,64.94359963534139,12,12,2,0,2,9,16,17,12,9,0,36,13,61.0,70,True,0.40522248243559716
random,erratic,68,84.08241548245181,12,12,2,1,2,12,16,23,17,6,0,40,16,68.0,70,True,0.4932142857142857
random,erratic,58,66.30210181188774,12,12,2,0,2,12,15,23,17,8,0,31,15,58.0,70,True,0.42825123152709355
random,erratic,70,19.126312907066183,8,12,1,0,2,9,13,17,13,2,0,48,13,70.0,70,False,0.2611904761904762
random,erratic,70,79.75233256123863,12,12,2,1,2,13,16,25,15,5,0,41,17,70.0,70,True,0.4821428571428571
random,erratic,49,74.61133171950817,12,12,2,0,2,7,13,14,21,3,0,29,8,49.0,70,True,0.47428571428571425
random,erratic,70,51.11205504201081,11,12,1,1,2,18,18,29,14,9,0,34,24,70.0,70,False,0.4508333333333333
random,erratic,53,66.68497945610088,12,12,2,0,2,9,11,13,18,5,0,33,8,53.0,70,True,0.44951482479784366
random,erratic,59,60.23536419855496,12,12,2,0,2,9,17,18,21,4,0,33,14,59.0,70,True,0.43481840193704596
random,erratic,70,42.929502514912556,11,12,1,1,2,17,17,31,8,6,0,36,22,70.0,70,False,0.4379761904761904
random,erratic,70,33.765971151371865,7,12,1,1,2,14,19,26,17,0,0,37,25,70.0,70,False,0.34059523809523806
random,erratic,58,56.68496640225101,12,12,2,0,2,12,15,22,17,6,0,31,15,58.0,70,True,0.42825123152709355
random,erratic,70,37.63990327997796,11,12,1,1,2,15,19,28,15,6,0,36,22,70.0,70,False,0.4529761904761904
random,erratic,70,16.82631033457449,11,12,1,0,2,15,19,29,16,5,0,36,22,70.0,70,False,0.35511904761904756
random,erratic,70,77.50401738106228,12,12,2,1,2,12,16,21,20,8,0,42,16,70.0,70,True,0.4928571428571429
random,erratic,55,80.13057670972066,12,12,2,1,2,10,15,19,17,4,0,30,13,55.0,70,True,0.5392207792207793
random,erratic,58,55.21262645509631,12,12,2,0,2,10,14,18,13,5,0,34,12,58.0,70,True,0.41790640394088663
random,erratic,60,59.8724899040366,12,12,2,0,2,11,18,22,22,3,0,31,17,60.0,70,True,0.43357142857142855
random,erratic,70,13.685038507254585,8,12,1,0,2,14,17,26,17,1,0,39,22,70.0,70,False,0.26976190476190476
random,erratic,70,18.55731250138785,11,12,1,0,2,16,21,31,19,3,0,33,25,70.0,70,False,0.361547619047619
random,erratic,63,81.80828530523449,12,12,2,1,2,11,16,20,15,5,0,36,15,63.0,70,True,0.5057142857142857
random,erratic,70,21.1299575406124,9,12,1,0,2,13,17,26,13,1,0,40,20,70.0,70,False,0.2903571428571428
random,erratic,70,19.560341414912983,8,12,1,0,2,12,19,23,20,0,0,39,22,70.0,70,False,0.27619047619047615
random,erratic,70,56.17098915322715,11,12,1,1,2,16,20,32,10,7,0,34,25,70.0,70,False,0.44226190476190474
random,erratic,70,28.078995453946906,8,12,1,1,2,16,19,30,16,0,0,35,26,70.0,70,False,0.3676190476190476
random,erratic,70,16.597589611543988,8,12,1,0,2,16,20,31,15,0,0,34,27,70.0,70,False,0.2654761904761904
random,erratic,61,56.702972328882176,12,12,2,0,2,12,18,23,20,7,0,31,18,61.0,70,True,0.4248946135831381
random,erratic,70,36.02179637913758,7,12,1,1,2,15,19,29,12,2,0,36,26,70.0,70,False,0.3298809523809524
random,erratic,70,17.41558178722858,11,12,1,0,2,16,21,31,18,3,0,33,25,70.0,70,False,0.3594047619047619
random,erratic,57,62.33674143775909,12,12,2,0,2,11,13,21,16,7,0,33,12,57.0,70,True,0.4292481203007519
random,erratic,57,59.08520176746076,12,12,2,0,2,12,13,23,13,5,0,32,13,57.0,70,True,0.4213533834586466
random,erratic,52,66.55469268679445,12,12,2,0,2,10,14,18,21,3,0,28,12,52.0,70,True,0.4620054945054945
random,erratic,54,84.68085364940409,12,12,2,1,2,10,15,20,14,7,0,29,13,54.0,70,True,0.5346031746031745
random,erratic,53,66.08433318234519,12,12,2,0,2,10,12,17,17,2,0,31,10,53.0,70,True,0.4466846361185984
random,erratic,70,13.162261966364209,8,12,1,0,2,16,18,30,14,3,0,36,25,70.0,70,False,0.2633333333333333
random,erratic,70,11.173882904804053,8,12,1,0,2,14,15,24,16,1,0,41,20,70.0,70,False,0.2676190476190476
random,erratic,56,62.75848814353566,12,12,2,0,2,11,15,19,20,2,0,30,14,56.0,70,True,0.4435714285714285
random,erratic,59,80.5173673633462,12,12,2,1,2,9,14,18,13,7,0,36,11,59.0,70,True,0.5144794188861985
random,erratic,70,9.925235980474934,8,12,1,0,2,14,16,22,22,0,0,40,21,70.0,70,False,0.28047619047619043
random,erratic,53,66.55325320311135,12,12,2,0,2,10,13,19,20,3,0,30,11,53.0,70,True,0.4551752021563342
random,erratic,70,2.8137542139262046,7,12,1,0,2,16,20,31,16,0,0,34,28,70.0,70,False,0.23845238095238094
random,erratic,51,68.58841955542161,12,12,2,0,2,9,15,18,21,2,0,27,12,51.0,70,True,0.4660504201680672
random,erratic,70,30.69747100440396,8,12,1,1,2,15,17,28,16,1,0,38,23,70.0,70,False,0.3676190476190476
random,erratic,70,36.09479386981834,8,12,1,1,2,16,19,32,13,1,0,35,26,70.0,70,False,0.3611904761904762
static,average,44,98.79309283317232,12,12,2,1,2,6,6,11,5,10,0,32,0,44.0,70,True,0.5413311688311688
static,average,40,108.65424071523614,12,12,2,2,2,6,6,11,4,9,0,28,0,40.0,70,True,0.6507142857142858
static,average,44,92.73837215883965,12,12,2,1,2,6,6,11,4,9,0,32,0,44.0,70,True,0.5379220779220779
static,average,45,92.21154950175006,12,12,2,1,2,6,6,11,4,9,0,33,0,45.0,70,True,0.5347619047619047
static,average,41,109.07805883881954,12,12,2,2,2,6,6,11,4,9,0,29,0,41.0,70,True,0.6474912891986062
static,average,41,125.16553713210197,12,12,2,2,2,6,6,11,4,9,0,29,0,41.0,70,True,0.6474912891986062
static,average,43,119.71901189134124,12,12,2,2,2,6,6,11,4,9,0,31,0,43.0,70,True,0.6410963455149501
static,average,44,101.78275700992842,12,12,2,1,2,6,6,11,4,9,0,32,0,44.0,70,True,0.5379220779220779
static,average,44,121.50773723108831,12,12,2,2,2,6,6,11,4,9,0,32,0,44.0,70,True,0.6379220779220779
static,average,49,94.15064940276574,12,12,2,1,2,6,6,11,4,9,0,37,0,49.0,70,True,0.5222448979591836
static,average,46,94.75046754031717,12,12,2,1,2,6,6,11,4,9,0,34,0,46.0,70,True,0.5316149068322981
static,average,43,117.45477872261412,12,12,2,2,2,6,6,11,4,9,0,31,0,43.0,70,True,0.6410963455149501
static,average,41,121.68532966290667,12,12,2,2,2,6,6,11,4,9,0,29,0,41.0,70,True,0.6474912891986062
static,average,45,88.67194811737258,12,12,2,1,2,6,6,11,4,9,0,33,0,45.0,70,True,0.5347619047619047
static,average,43,96.64490023223354,12,12,2,1,2,6,6,11,4,9,0,31,0,43.0,70,True,0.5410963455149501
static,average,43,98.64004116186359,12,12,2,1,2,6,6,11,4,9,0,31,0,43.0,70,True,0.5410963455149501
static,average,42,118.10108711966458,12,12,2,2,2,6,6,11,4,9,0,30,0,42.0,70,True,0.6442857142857144
static,average,41,100.26518295081765,12,12,2,1,2,6,6,11,4,9,0,29,0,41.0,70,True,0.5474912891986062
static,average,41,95.08922576826748,12,12,2,1,2,6,6,11,4,9,0,29,0,41.0,70,True,0.5474912891986062
static,average,43,95.33254393344936,12,12,2,1,2,6,6,11,5,10,0,31,0,43.0,70,True,0.5445847176079733
static,average,40,111.44988895349627,12,12,2,2,2,6,6,11,4,9,0,28,0,40.0,70,True,0.6507142857142858
static,average,40,88.70728120253065,12,12,2,1,2,6,6,11,4,9,0,28,0,40.0,70,True,0.5507142857142857
static,average,40,104.39466809689996,12,12,2,1,2,6,6,11,4,9,0,28,0,40.0,70,True,0.5507142857142857
static,average,41,102.2509370296843,12,12,2,1,2,6,6,11,4,9,0,29,0,41.0,70,True,0.5474912891986062
static,average,42,115.71863398673982,12,12,2,2,2,6,6,11,4,9,0,30,0,42.0,70,True,0.6442857142857144
static,average,43,117.69843909596493,12,12,2,2,2,6,6,11,4,9,0,31,0,43.0,70,True,0.6410963455149501
static,average,40,117.73499841133207,12,12,2,2,2,6,6,11,4,9,0,28,0,40.0,70,True,0.6507142857142858
static,average,44,97.16220064567894,12,12,2,1,2,6,6,11,5,10,0,32,0,44.0,70,True,0.5413311688311688
static,average,44,94.38588850249184,12,12,2,1,2,6,6,11,4,9,0,32,0,44.0,70,True,0.5379220779220779
static,average,42,119.31412253601009,12,12,2,2,2,6,6,11,4,9,0,30,0,42.0,70,True,0.6442857142857144
static,average,41,89.02017443716161,12,12,2,1,2,6,6,11,4,9,0,29,0,41.0,70,True,0.5474912891986062
static,average,43,103.3356889634156,12,12,2,1,2,6,6,11,4,9,0,31,0,43.0,70,True,0.5410963455149501
static,average,46,89.24487030647732,12,12,2,1,2,6,6,11,4,9,0,34,0,46.0,70,True,0.5316149068322981
static,average,43,100.9007689353618,12,12,2,1,2,6,6,11,4,9,0,31,0,43.0,70,True,0.5410963455149501
static,average,45,108.21889412070517,12,12,2,2,2,6,6,11,4,9,0,33,0,45.0,70,True,0.6347619047619046
static,average,42,94.19486462684614,12,12,2,1,2,6,6,11,4,9,0,30,0,42.0,70,True,0.5442857142857143
static,average,42,102.02541526368482,12,12,2,1,2,6,6,11,4,9,0,30,0,42.0,70,True,0.5442857142857143
static,average,53,89.579656157666,12,12,2,1,2,6,6,11,4,9,0,41,0,53.0,70,True,0.5098921832884097
static,average,41,113.55599037083371,12,12,2,2,2,6,6,11,4,9,0,29,0,41.0,70,True,0.6474912891986062
static,average,41,96.9091586264516,12,12,2,1,2,6,6,11,4,9,0,29,0,41.0,70,True,0.5474912891986062
static,average,39,101.8437446784602,12,12,2,1,2,6,6,11,4,9,0,27,0,39.0,70,True,0.5539560439560439
static,average,46,92.68472974459681,12,12,2,1,2,6,6,11,4,9,0,34,0,46.0,70,True,0.5316149068322981
static,average,42,94.68493707650754,12,12,2,1,2,6,6,11,4,9,0,30,0,42.0,70,True,0.5442857142857143
static,average,41,113.38446378722384,12,12,2,2,2,6,6,11,4,9,0,29,0,41.0,70,True,0.6474912891986062
static,average,43,118.9884421722502,12,12,2,2,2,6,6,11,4,9,0,31,0,43.0,70,True,0.6410963455149501
static,average,43,93.01480404806301,12,12,2,1,2,6,6,11,4,9,0,31,0,43.0,70,True,0.5410963455149501
static,average,42,101.3487124680122,12,12,2,1,2,6,6,11,4,9,0,30,0,42.0,70,True,0.5442857142857143
static,average,44,95.52059759252589,12,12,2,1,2,6,6,11,4,9,0,32,0,44.0,70,True,0.5379220779220779
static,average,43,88.55237071755445,12,12,2,1,2,6,6,11,4,9,0,31,0,43.0,70,True,0.5410963455149501
static,average,43,96.65341919561656,12,12,2,1,2,6,6,11,4,9,0,31,0,43.0,70,True,0.5410963455149501
static,fast,38,122.93653830925732,12,12,2,2,2,6,6,11,4,9,0,26,0,38.0,70,True,0.6572180451127819
static,fast,34,109.37424071523616,12,12,2,2,2,6,6,11,4,9,0,22,0,34.0,70,True,0.6705042016806723
static,fast,36,123.1568264758262,12,12,2,2,2,6,6,11,4,9,0,24,0,36.0,70,True,0.6638095238095238
static,fast,34,117.84216219852274,12,12,2,2,2,6,6,11,4,9,0,22,0,34.0,70,True,0.6705042016806723
static,fast,34,110.41805883881955,12,12,2,2,2,6,6,11,4,9,0,22,0,34.0,70,True,0.6705042016806723
static,fast,34,125.60553713210197,12,12,2,2,2,6,6,11,4,9,0,22,0,34.0,70,True,0.6705042016806723
static,fast,33,120.51901189134126,12,12,2,2,2,6,6,11,4,9,0,21,0,33.0,70,True,0.6738961038961039
static,fast,35,129.4425417295456,12,12,2,2,2,6,6,11,4,9,0,23,0,35.0,70,True,0.667142857142857
static,fast,37,122.24773723108834,12,12,2,2,2,6,6,11,4,9,0,25,0,37.0,70,True,0.6605019305019305
static,fast,35,112.12827279593694,12,12,2,2,2,6,6,11,4,9,0,23,0,35.0,70,True,0.667142857142857
static,fast,36,97.88582100654409,12,12,2,1,2,6,6,11,4,9,0,24,0,36.0,70,True,0.5638095238095238
static,fast,34,118.53477872261413,12,12,2,2,2,6,6,11,4,9,0,22,0,34.0,70,True,0.6705042016806723
static,fast,33,122.44532966290669,12,12,2,2,2,6,6,11,4,9,0,21,0,33.0,70,True,0.6738961038961039
static,fast,35,117.82622500593638,12,12,2,2,2,6,6,11,4,9,0,23,0,35.0,70,True,0.667142857142857
static,fast,33,129.87867379656726,12,12,2,2,2,6,6,11,4,9,0,21,0,33.0,70,True,0.6738961038961039
static,fast,36,126.05396717480228,12,12,2,2,2,6,6,11,4,9,0,24,0,36.0,70,True,0.6638095238095238
static,fast,37,118.2010871196646,12,12,2,2,2,6,6,11,4,9,0,25,0,37.0,70,True,0.6605019305019305
static,fast,34,103.0167940997256,12,12,2,1,2,6,6,11,4,9,0,22,0,34.0,70,True,0.5705042016806723
static,fast,36,96.91073965602051,12,12,2,1,2,6,6,11,4,9,0,24,0,36.0,70,True,0.5638095238095238
static,fast,34,119.92606739431363,12,12,2,2,2,6,6,11,4,9,0,22,0,34.0,70,True,0.6705042016806723
static,fast,35,111.84988895349628,12,12,2,2,2,6,6,11,4,9,0,23,0,35.0,70,True,0.667142857142857
static,fast,33,90.88532992842912,12,12,2,1,2,6,6,11,4,9,0,21,0,33.0,70,True,0.5738961038961039
static,fast,35,130.23169913337208,12,12,2,2,2,6,6,11,4,9,0,23,0,35.0,70,True,0.667142857142857
static,fast,35,104.36245937108875,12,12,2,1,2,6,6,11,4,9,0,23,0,35.0,70,True,0.5671428571428571
static,fast,35,116.15863398673983,12,12,2,2,2,6,6,11,4,9,0,23,0,35.0,70,True,0.667142857142857
static,fast,34,118.77843909596496,12,12,2,2,2,6,6,11,4,9,0,22,0,34.0,70,True,0.6705042016806723
static,fast,34,118.75499841133208,12,12,2,2,2,6,6,11,4,9,0,22,0,34.0,70,True,0.6705042016806723
static,fast,38,123.77692327231674,12,12,2,2,2,6,6,11,4,9,0,26,0,38.0,70,True,0.6572180451127819
static,fast,35,123.08125769513488,12,12,2,2,2,6,6,11,4,9,0,23,0,35.0,70,True,0.667142857142857
static,fast,33,120.0941225360101,12,12,2,2,2,6,6,11,4,9,0,21,0,33.0,70,True,0.6738961038961039
static,fast,35,119.50809963111482,12,12,2,2,2,6,6,11,4,9,0,23,0,35.0,70,True,0.667142857142857
static,fast,35,131.90231837618686,12,12,2,2,2,6,6,11,4,9,0,23,0,35.0,70,True,0.667142857142857
static,fast,35,93.10715192655096,12,12,2,1,2,6,6,11,4,9,0,23,0,35.0,70,True,0.5671428571428571
static,fast,34,104.08796008351602,12,12,2,1,2,6,6,11,4,9,0,22,0,34.0,70,True,0.5705042016806723
static,fast,36,109.59889412070518,12,12,2,2,2,6,6,11,4,9,0,24,0,36.0,70,True,0.6638095238095238
static,fast,35,124.81248244498053,12,12,2,2,2,6,6,11,4,9,0,23,0,35.0,70,True,0.667142857142857
static,fast,35,126.86169493541396,12,12,2,2,2,6,6,11,4,9,0,23,0,35.0,70,True,0.667142857142857
static,fast,37,120.14943371063865,12,12,2,2,2,6,6,11,4,9,0,25,0,37.0,70,True,0.6605019305019305
static,fast,35,113.97599037083373,12,12,2,2,2,6,6,11,4,9,0,23,0,35.0,70,True,0.667142857142857
static,fast,33,122.6922481910974,12,12,2,2,2,6,6,11,4,9,0,21,0,33.0,70,True,0.6738961038961039
static,fast,33,130.03502040463823,12,12,2,2,2,6,6,11,4,9,0,21,0,33.0,70,True,0.6738961038961039
static,fast,34,96.54598219708883,12,12,2,1,2,6,6,11,4,9,0,22,0,34.0,70,True,0.5705042016806723
static,fast,34,121.29139713891557,12,12,2,2,2,6,6,11,4,9,0,22,0,34.0,70,True,0.6705042016806723
static,fast,34,114.12446378722385,12,12,2,2,2,6,6,11,4,9,0,22,0,34.0,70,True,0.6705042016806723
static,fast,34,120.06844217225022,12,12,2,2,2,6,6,11,4,9,0,22,0,34.0,70,True,0.6705042016806723
static,fast,36,122.42900522483927,12,12,2,2,2,6,6,11,4,9,0,24,0,36.0,70,True,0.6638095238095238
static,fast,33,129.33222300227976,12,12,2,2,2,6,6,11,4,9,0,21,0,33.0,70,True,0.6738961038961039
static,fast,33,118.20808944460494,12,12,2,2,2,6,6,11,4,9,0,21,0,33.0,70,True,0.6738961038961039
static,fast,37,90.70218336656934,12,12,2,1,2,6,6,11,4,9,0,25,0,37.0,70,True,0.5605019305019305
static,fast,35,127.2955253970908,12,12,2,2,2,6,6,11,4,9,0,23,0,35.0,70,True,0.667142857142857
static,slow,67,65.28452264398749,12,12,2,0,2,6,6,11,5,10,0,55,0,67.0,70,True,0.3697654584221748
static,slow,59,85.62075250060866,12,12,2,1,2,6,6,11,5,10,0,47,0,59.0,70,True,0.49414043583535106
static,slow,67,84.48935550032597,12,12,2,1,2,6,6,11,5,10,0,55,0,67.0,70,True,0.46976545842217476
static,slow,70,48.93921700036812,11,12,1,1,2,6,6,11,5,9,0,58,0,70.0,70,False,0.43154761904761907
static,slow,63,86.65698889814632,12,12,2,1,2,6,6,11,5,10,0,51,0,63.0,70,True,0.48190476190476195
static,slow,57,101.25951101013493,12,12,2,1,2,6,6,11,5,10,0,45,0,57.0,70,True,0.5003007518796992
static,slow,66,93.59281964327592,12,12,2,1,2,6,6,11,5,10,0,54,0,66.0,70,True,0.47279220779220776
static,slow,70,27.245669310213835,11,12,1,0,2,6,6,11,5,9,0,58,0,70.0,70,False,0.33154761904761904
static,slow,68,65.62024480372857,12,12,2,0,2,6,6,11,5,10,0,56,0,68.0,70,True,0.3667436974789916
static,slow,68,89.43121384688754,12,12,2,1,2,6,6,11,5,10,0,56,0,68.0,70,True,0.4667436974789916
static,slow,64,87.88683130110876,12,12,2,1,2,6,6,11,5,10,0,52,0,64.0,70,True,0.4788616071428571
static,slow,66,93.44277602953437,12,12,2,1,2,6,6,11,5,10,0,54,0,66.0,70,True,0.47279220779220776
static,slow,63,97.46966312356537,12,12,2,1,2,6,6,11,5,10,0,51,0,63.0,70,True,0.48190476190476195
static,slow,66,81.47677783392615,12,12,2,1,2,6,6,11,5,10,0,54,0,66.0,70,True,0.47279220779220776
static,slow,60,90.40181988848445,12,12,2,1,2,6,6,11,5,10,0,48,0,60.0,70,True,0.4910714285714286
static,slow,64,91.27655965862898,12,12,2,1,2,6,6,11,5,10,0,52,0,64.0,70,True,0.4788616071428571
static,slow,61,91.41078241430091,12,12,2,1,2,6,6,11,5,10,0,49,0,61.0,70,True,0.48800936768149883
static,slow,64,63.04000776912199,12,12,2,0,2,6,6,11,5,10,0,52,0,64.0,70,True,0.3788616071428571
static,slow,61,87.60317021725534,12,12,2,1,2,6,6,11,5,10,0,49,0,61.0,70,True,0.48800936768149883
static,slow,70,52.077992613644426,11,12,1,1,2,6,6,11,5,9,0,58,0,70.0,70,False,0.43154761904761907
static,slow,61,90.73714183267845,12,12,2,1,2,6,6,11,5,10,0,49,0,61.0,70,True,0.48800936768149883
static,slow,65,79.39996432432193,12,12,2,1,2,6,6,11,5,10,0,53,0,65.0,70,True,0.4758241758241758
static,slow,60,67.64074224088196,12,12,2,0,2,6,6,11,5,10,0,48,0,60.0,70,True,0.39107142857142857
static,slow,67,61.08190813420946,12,12,2,0,2,6,6,11,5,10,0,55,0,67.0,70,True,0.3697654584221748
static,slow,63,88.41646006660369,12,12,2,1,2,6,6,11,5,10,0,51,0,63.0,70,True,0.48190476190476195
static,slow,62,95.1876850730857,12,12,2,1,2,6,6,11,5,10,0,50,0,62.0,70,True,0.48495391705069124
static,slow,64,94.63033777019788,12,12,2,1,2,6,6,11,5,10,0,52,0,64.0,70,True,0.4788616071428571
static,slow,70,27.48356609243973,11,12,1,0,2,6,6,11,5,9,0,58,0,70.0,70,False,0.33154761904761904
static,slow,64,87.68463985303995,12,12,2,1,2,6,6,11,5,10,0,52,0,64.0,70,True,0.4788616071428571
static,slow,60,69.52718039596698,12,12,2,0,2,6,6,11,5,10,0,48,0,60.0,70,True,0.39107142857142857
static,slow,64,81.37120644350374,12,12,2,1,2,6,6,11,5,10,0,52,0,64.0,70,True,0.4788616071428571
static,slow,60,66.20632335523737,12,12,2,0,2,6,6,11,5,10,0,48,0,60.0,70,True,0.39107142857142857
static,slow,70,43.33241207903729,11,12,1,1,2,6,6,11,5,9,0,58,0,70.0,70,False,0.43154761904761907
static,slow,62,63.35509520365459,12,12,2,0,2,6,6,11,5,10,0,50,0,62.0,70,True,0.3849539170506912
static,slow,70,51.03634153138194,11,12,1,1,2,6,6,11,5,9,0,58,0,70.0,70,False,0.43154761904761907
static,slow,63,86.8093998107901,12,12,2,1,2,6,6,11,5,10,0,51,0,63.0,70,True,0.48190476190476195
static,slow,62,96.33867954227021,12,12,2,1,2,6,6,11,5,10,0,50,0,62.0,70,True,0.48495391705069124
static,slow,70,23.77857983181722,10,12,1,0,2,5,5,9,5,8,0,60,0,70.0,70,False,0.3023809523809524
static,slow,60,86.0876619459347,12,12,2,1,2,6,6,11,5,10,0,48,0,60.0,70,True,0.4910714285714286
static,slow,64,90.75124430562629,12,12,2,1,2,6,6,11,5,10,0,52,0,64.0,70,True,0.4788616071428571
static,slow,59,95.59709206231925,12,12,2,1,2,6,6,11,5,10,0,47,0,59.0,70,True,0.49414043583535106
static,slow,63,85.5896221035665,12,12,2,1,2,6,6,11,5,10,0,51,0,63.0,70,True,0.48190476190476195
static,slow,61,89.16612315960816,12,12,2,1,2,6,6,11,5,10,0,49,0,61.0,70,True,0.48800936768149883
static,slow,61,85.97945298761552,12,12,2,1,2,6,6,11,5,10,0,49,0,61.0,70,True,0.48800936768149883
static,slow,60,70.13587993457958,12,12,2,0,2,6,6,11,5,10,0,48,0,60.0,70,True,0.39107142857142857
static,slow,68,85.36765254318621,12,12,2,1,2,6,6,11,5,10,0,56,0,68.0,70,True,0.4667436974789916
static,slow,58,96.43280569958034,12,12,2,1,2,6,6,11,5,10,0,46,0,58.0,70,True,0.4972167487684729
static,slow,69,89.82450638875119,12,12,2,1,2,6,6,11,5,10,0,57,0,69.0,70,True,0.4637267080745341
static,slow,62,81.34463066234068,12,12,2,1,2,6,6,11,5,10,0,50,0,62.0,70,True,0.48495391705069124
static,slow,61,89.69367308496678,12,12,2,1,2,6,6,11,5,10,0,49,0,61.0,70,True,0.48800936768149883
static,expert,29,123.71653830925734,12,12,2,2,2,6,6,11,4,9,0,17,0,29.0,70,True,0.6878325123152709
static,expert,29,109.77424071523617,12,12,2,2,2,6,6,11,4,9,0,17,0,29.0,70,True,0.6878325123152709
static,expert,29,124.1968264758262,12,12,2,2,2,6,6,11,4,9,0,17,0,29.0,70,True,0.6878325123152709
static,expert,29,118.54216219852276,12,12,2,2,2,6,6,11,4,9,0,17,0,29.0,70,True,0.6878325123152709
static,expert,29,110.81805883881955,12,12,2,2,2,6,6,11,4,9,0,17,0,29.0,70,True,0.6878325123152709
static,expert,29,126.00553713210198,12,12,2,2,2,6,6,11,4,9,0,17,0,29.0,70,True,0.6878325123152709
static,expert,29,120.89901189134127,12,12,2,2,2,6,6,11,4,9,0,17,0,29.0,70,True,0.6878325123152709
static,expert,29,129.8625417295456,12,12,2,2,2,6,6,11,4,9,0,17,0,29.0,70,True,0.6878325123152709
static,expert,29,123.00773723108833,12,12,2,2,2,6,6,11,4,9,0,17,0,29.0,70,True,0.6878325123152709
static,expert,29,112.54827279593695,12,12,2,2,2,6,6,11,4,9,0,17,0,29.0,70,True,0.6878325123152709
static,expert,29,129.77571942960486,12,12,2,2,2,6,6,11,4,9,0,17,0,29.0,70,True,0.6878325123152709
static,expert,29,118.93477872261415,12,12,2,2,2,6,6,11,4,9,0,17,0,29.0,70,True,0.6878325123152709
static,expert,29,122.42532966290668,12,12,2,2,2,6,6,11,3,9,0,17,0,29.0,70,True,0.6826600985221674
static,expert,29,118.54622500593639,12,12,2,2,2,6,6,11,4,9,0,17,0,29.0,70,True,0.6878325123152709
static,expert,29,130.25867379656728,12,12,2,2,2,6,6,11,4,9,0,17,0,29.0,70,True,0.6878325123152709
static,expert,29,126.49396717480231,12,12,2,2,2,6,6,11,4,9,0,17,0,29.0,70,True,0.6878325123152709
static,expert,29,119.26108711966461,12,12,2,2,2,6,6,11,4,9,0,17,0,29.0,70,True,0.6878325123152709
static,expert,30,134.90258025137464,12,12,2,2,2,6,6,11,4,9,0,18,0,30.0,70,True,0.6842857142857143
static,expert,29,127.74356741517016,12,12,2,2,2,6,6,11,4,9,0,17,0,29.0,70,True,0.6878325123152709
static,expert,29,120.32606739431364,12,12,2,2,2,6,6,11,4,9,0,17,0,29.0,70,True,0.6878325123152709
static,expert,29,112.26988895349629,12,12,2,2,2,6,6,11,4,9,0,17,0,29.0,70,True,0.6878325123152709
static,expert,29,123.67703661382528,12,12,2,2,2,6,6,11,4,9,0,17,0,29.0,70,True,0.6878325123152709
static,expert,29,130.6516991333721,12,12,2,2,2,6,6,11,4,9,0,17,0,29.0,70,True,0.6878325123152709
static,expert,29,135.5680109800486,12,12,2,2,2,6,6,11,4,9,0,17,0,29.0,70,True,0.6878325123152709
static,expert,29,116.57863398673985,12,12,2,2,2,6,6,11,4,9,0,17,0,29.0,70,True,0.6878325123152709
static,expert,29,119.17843909596496,12,12,2,2,2,6,6,11,4,9,0,17,0,29.0,70,True,0.6878325123152709
static,expert,29,119.15499841133209,12,12,2,2,2,6,6,11,4,9,0,17,0,29.0,70,True,0.6878325123152709
static,expert,29,124.55692327231675,12,12,2,2,2,6,6,11,4,9,0,17,0,29.0,70,True,0.6878325123152709
static,expert,29,123.5012576951349,12,12,2,2,2,6,6,11,4,9,0,17,0,29.0,70,True,0.6878325123152709
static,expert,29,120.4741225360101,12,12,2,2,2,6,6,11,4,9,0,17,0,29.0,70,True,0.6878325123152709
static,expert,29,119.92809963111483,12,12,2,2,2,6,6,11,4,9,0,17,0,29.0,70,True,0.6878325123152709
static,expert,29,132.32231837618684,12,12,2,2,2,6,6,11,4,9,0,17,0,29.0,70,True,0.6878325123152709
static,expert,29,126.21891324165215,12,12,2,2,2,6,6,11,4,9,0,17,0,29.0,70,True,0.6878325123152709
static,expert,29,135.21854806710888,12,12,2,2,2,6,6,11,4,9,0,17,0,29.0,70,True,0.6878325123152709
static,expert,29,110.33889412070519,12,12,2,2,2,6,6,11,4,9,0,17,0,29.0,70,True,0.6878325123152709
static,expert,29,125.23248244498055,12,12,2,2,2,6,6,11,4,9,0,17,0,29.0,70,True,0.6878325123152709
static,expert,29,127.28169493541398,12,12,2,2,2,6,6,11,4,9,0,17,0,29.0,70,True,0.6878325123152709
static,expert,29,121.20943371063865,12,12,2,2,2,6,6,11,4,9,0,17,0,29.0,70,True,0.6878325123152709
static,expert,29,114.39599037083374,12,12,2,2,2,6,6,11,4,9,0,17,0,29.0,70,True,0.6878325123152709
static,expert,29,123.07224819109743,12,12,2,2,2,6,6,11,4,9,0,17,0,29.0,70,True,0.6878325123152709
static,expert,29,130.41502040463823,12,12,2,2,2,6,6,11,4,9,0,17,0,29.0,70,True,0.6878325123152709
static,expert,29,127.08766521370225,12,12,2,2,2,6,6,11,4,9,0,17,0,29.0,70,True,0.6878325123152709
static,expert,29,121.69139713891559,12,12,2,2,2,6,6,11,4,9,0,17,0,29.0,70,True,0.6878325123152709
static,expert,29,114.52446378722385,12,12,2,2,2,6,6,11,4,9,0,17,0,29.0,70,True,0.6878325123152709
static,expert,29,120.7684421722502,12,12,2,2,2,6,6,11,4,9,0,17,0,29.0,70,True,0.6878325123152709
static,expert,29,122.8690052248393,12,12,2,2,2,6,6,11,4,9,0,17,0,29.0,70,True,0.6878325123152709
static,expert,29,130.01222300227977,12,12,2,2,2,6,6,11,4,9,0,17,0,29.0,70,True,0.6878325123152709
static,expert,29,118.58808944460495,12,12,2,2,2,6,6,11,4,9,0,17,0,29.0,70,True,0.6878325123152709
static,expert,29,123.47956045277775,12,12,2,2,2,6,6,11,4,9,0,17,0,29.0,70,True,0.6878325123152709
static,expert,29,127.71552539709081,12,12,2,2,2,6,6,11,4,9,0,17,0,29.0,70,True,0.6878325123152709
static,novice,70,-28.19989209231592,1,12,0,0,2,1,1,1,2,0,0,68,0,70.0,70,False,0.03345238095238095
static,novice,70,-21.182552401698974,1,12,0,0,2,1,1,1,2,0,0,68,0,70.0,70,False,0.03345238095238095
static,novice,70,-28.36977551715775,1,12,0,0,2,1,1,1,2,0,0,68,0,70.0,70,False,0.03345238095238095
static,novice,70,-25.20831082444603,1,12,0,0,2,1,1,1,2,0,0,68,0,70.0,70,False,0.03345238095238095
static,novice,70,-21.61584322828827,1,12,0,0,2,1,1,1,2,0,0,68,0,70.0,70,False,0.03345238095238095
static,novice,70,-30.64671051205436,1,12,0,0,2,1,1,1,2,0,0,68,0,70.0,70,False,0.03345238095238095
static,novice,70,-8.94506414104516,6,12,0,0,2,3,4,6,5,4,0,63,0,70.0,70,False,0.1857142857142857
static,novice,70,-32.15578131313857,1,12,0,0,2,1,1,1,2,0,0,68,0,70.0,70,False,0.03345238095238095
static,novice,70,-28.541570127901466,1,12,0,0,2,1,1,1,2,0,0,68,0,70.0,70,False,0.03345238095238095
static,novice,70,-22.711606194228366,1,12,0,0,2,1,1,1,2,0,0,68,0,70.0,70,False,0.03345238095238095
static,novice,70,-31.84144794369748,1,12,0,0,2,1,1,1,2,0,0,68,0,70.0,70,False,0.03345238095238095
static,novice,70,-25.868930128937617,1,12,0,0,2,1,1,1,2,0,0,68,0,70.0,70,False,0.03345238095238095
static,novice,70,-28.387355572792295,1,12,0,0,2,1,1,1,2,0,0,68,0,70.0,70,False,0.03345238095238095
static,novice,70,-11.366042449059666,5,12,0,0,2,3,4,6,4,4,0,63,0,70.0,70,False,0.1544047619047619
static,novice,70,-32.21199616985225,1,12,0,0,2,1,1,1,2,0,0,68,0,70.0,70,False,0.03345238095238095
static,novice,70,-29.746654698528314,1,12,0,0,2,1,1,1,2,0,0,68,0,70.0,70,False,0.03345238095238095
static,novice,70,-25.66988849041885,1,12,0,0,2,1,1,1,2,0,0,68,0,70.0,70,False,0.03345238095238095
static,novice,70,-35.776524743583224,1,12,0,0,2,1,1,1,2,0,0,68,0,70.0,70,False,0.03345238095238095
static,novice,70,-1.6109408538210797,7,12,1,0,2,4,4,7,5,5,0,62,0,70.0,70,False,0.21488095238095237
static,novice,70,-26.1214954687537,1,12,0,0,2,1,1,1,2,0,0,68,0,70.0,70,False,0.03345238095238095
static,novice,70,-22.441834968530237,1,12,0,0,2,1,1,1,2,0,0,68,0,70.0,70,False,0.03345238095238095
static,novice,70,-29.17001195870622,1,12,0,0,2,1,1,1,2,0,0,68,0,70.0,70,False,0.03345238095238095
static,novice,70,-32.72155027750541,1,12,0,0,2,1,1,1,2,0,0,68,0,70.0,70,False,0.03345238095238095
static,novice,70,-35.990603813355136,1,12,0,0,2,1,1,1,2,0,0,68,0,70.0,70,False,0.03345238095238095
static,novice,70,-24.09980065653846,1,12,0,0,2,1,1,1,2,0,0,68,0,70.0,70,False,0.03345238095238095
static,novice,70,-26.182951215595033,1,12,0,0,2,1,1,1,2,0,0,68,0,70.0,70,False,0.03345238095238095
static,novice,70,-26.08780441127464,1,12,0,0,2,1,1,1,2,0,0,68,0,70.0,70,False,0.03345238095238095
static,novice,70,-28.601453411433138,1,12,0,0,2,1,1,1,2,0,0,68,0,70.0,70,False,0.03345238095238095
static,novice,70,-28.004768799243134,1,12,0,0,2,1,1,1,2,0,0,68,0,70.0,70,False,0.03345238095238095
static,novice,70,-27.814540962272662,1,12,0,0,2,1,1,1,2,0,0,68,0,70.0,70,False,0.03345238095238095
static,novice,70,-26.57070681241325,1,12,0,0,2,1,1,1,2,0,0,68,0,70.0,70,False,0.03345238095238095
static,novice,70,-34.04443678452145,1,12,0,0,2,1,1,1,2,0,0,68,0,70.0,70,False,0.03345238095238095
static,novice,70,-30.330777427497967,1,12,0,0,2,1,1,1,2,0,0,68,0,70.0,70,False,0.03345238095238095
static,novice,70,-35.79607598625757,1,12,0,0,2,1,1,1,2,0,0,68,0,70.0,70,False,0.03345238095238095
static,novice,70,-21.525742568507958,1,12,0,0,2,1,1,1,2,0,0,68,0,70.0,70,False,0.03345238095238095
static,novice,70,-19.734657562464594,3,12,0,0,2,2,2,3,2,2,0,66,0,70.0,70,False,0.09178571428571428
static,novice,70,-12.687479606999695,6,12,0,0,2,3,4,6,5,4,0,63,0,70.0,70,False,0.1857142857142857
static,novice,70,-26.663961707053065,1,12,0,0,2,1,1,1,2,0,0,68,0,70.0,70,False,0.03345238095238095
static,novice,70,-5.286892404021331,6,12,0,0,2,3,4,6,5,4,0,63,0,70.0,70,False,0.1857142857142857
static,novice,70,-27.652368830673954,1,12,0,0,2,1,1,1,2,0,0,68,0,70.0,70,False,0.03345238095238095
static,novice,70,-32.49351441747683,1,12,0,0,2,1,1,1,2,0,0,68,0,70.0,70,False,0.03345238095238095
static,novice,70,-30.39124605148283,1,12,0,0,2,1,1,1,2,0,0,68,0,70.0,70,False,0.03345238095238095
static,novice,70,-26.80335812309782,1,12,0,0,2,1,1,1,2,0,0,68,0,70.0,70,False,0.03345238095238095
static,novice,70,12.777107104416134,7,12,1,0,2,4,4,7,5,5,0,62,0,70.0,70,False,0.21488095238095237
static,novice,70,-27.974086482437396,1,12,0,0,2,1,1,1,2,0,0,68,0,70.0,70,False,0.03345238095238095
static,novice,70,-27.716897705210453,1,12,0,0,2,1,1,1,2,0,0,68,0,70.0,70,False,0.03345238095238095
static,novice,70,-32.179152289950885,1,12,0,0,2,1,1,1,2,0,0,68,0,70.0,70,False,0.03345238095238095
static,novice,70,-25.2830250069936,1,12,0,0,2,1,1,1,2,0,0,68,0,70.0,70,False,0.03345238095238095
static,novice,70,-28.818867240163712,1,12,0,0,2,1,1,1,2,0,0,68,0,70.0,70,False,0.03345238095238095
static,novice,70,-30.632444978099223,1,12,0,0,2,1,1,1,2,0,0,68,0,70.0,70,False,0.03345238095238095
static,tired,70,5.749328340499285,7,12,1,0,2,4,4,7,5,5,0,62,0,70.0,70,False,0.21488095238095237
static,tired,70,46.350297516092056,10,12,1,1,2,5,6,10,5,8,0,59,0,70.0,70,False,0.4023809523809524
static,tired,70,25.01623624393627,11,12,1,0,2,6,6,11,5,9,0,58,0,70.0,70,False,0.33154761904761904
static,tired,70,16.123877064604297,8,12,1,0,2,4,5,8,5,6,0,61,0,70.0,70,False,0.244047619047619
static,tired,69,86.67081605978802,12,12,2,1,2,6,6,11,5,10,0,57,0,69.0,70,True,0.4637267080745341
static,tired,70,19.097785827054462,7,12,1,0,2,4,4,7,5,5,0,62,0,70.0,70,False,0.21488095238095237
static,tired,70,57.864988343866735,11,12,1,1,2,6,6,11,5,9,0,58,0,70.0,70,False,0.43154761904761907
static,tired,70,27.75886537924942,11,12,1,0,2,6,6,11,5,9,0,58,0,70.0,70,False,0.33154761904761904
static,tired,70,22.911514059379726,9,12,1,0,2,5,5,9,5,7,0,60,0,70.0,70,False,0.2732142857142857
static,tired,70,52.31130296964363,11,12,1,1,2,6,6,11,5,9,0,58,0,70.0,70,False,0.43154761904761907
static,tired,70,49.23208387474992,11,12,1,1,2,6,6,11,5,9,0,58,0,70.0,70,False,0.43154761904761907
static,tired,70,6.132387527877438,7,12,1,0,2,4,4,7,5,5,0,62,0,70.0,70,False,0.21488095238095237
static,tired,63,98.66966312356534,12,12,2,1,2,6,6,11,5,10,0,51,0,63.0,70,True,0.48190476190476195
static,tired,70,44.474118242629366,11,12,1,1,2,6,6,11,5,9,0,58,0,70.0,70,False,0.43154761904761907
static,tired,70,47.676297313117395,9,12,1,1,2,5,5,9,5,7,0,60,0,70.0,70,False,0.3732142857142857
static,tired,70,53.60873249088411,11,12,1,1,2,6,6,11,5,9,0,58,0,70.0,70,False,0.43154761904761907
static,tired,70,23.355042666833842,10,12,1,0,2,5,5,9,5,8,0,60,0,70.0,70,False,0.3023809523809524
static,tired,70,21.6085319971267,11,12,1,0,2,6,6,11,5,9,0,58,0,70.0,70,False,0.33154761904761904
static,tired,62,86.75886743970474,12,12,2,1,2,6,6,11,5,10,0,50,0,62.0,70,True,0.48495391705069124
static,tired,70,52.077992613644426,11,12,1,1,2,6,6,11,5,9,0,58,0,70.0,70,False,0.43154761904761907
static,tired,70,14.80633626913785,7,12,1,0,2,4,4,7,5,5,0,62,0,70.0,70,False,0.21488095238095237
static,tired,70,79.25850094868017,12,12,2,1,2,6,6,11,5,10,0,58,0,70.0,70,True,0.46071428571428574
static,tired,70,27.992100419733305,11,12,1,0,2,5,6,10,5,9,0,59,0,70.0,70,False,0.33154761904761904
static,tired,68,61.36116749099193,12,12,2,0,2,6,6,11,5,10,0,56,0,68.0,70,True,0.3667436974789916
static,tired,69,86.95208588962574,12,12,2,1,2,6,6,11,5,10,0,57,0,69.0,70,True,0.4637267080745341
static,tired,70,21.218498250911395,8,12,1,0,2,4,5,8,5,6,0,61,0,70.0,70,False,0.244047619047619
static,tired,70,13.937781911561947,7,12,1,0,2,4,4,7,5,5,0,62,0,70.0,70,False,0.21488095238095237
static,tired,70,10.497412647480145,8,12,1,0,2,4,5,8,5,6,0,61,0,70.0,70,False,0.244047619047619
static,tired,70,49.36920282573181,11,12,1,1,2,6,6,11,5,9,0,58,0,70.0,70,False,0.43154761904761907
static,tired,65,69.64257108426736,12,12,2,0,2,6,6,11,5,10,0,53,0,65.0,70,True,0.3758241758241758
static,tired,70,39.56325966282523,11,12,1,1,2,6,6,11,5,9,0,58,0,70.0,70,False,0.43154761904761907
static,tired,70,24.758994805683855,11,12,1,0,2,6,6,11,5,9,0,58,0,70.0,70,False,0.33154761904761904
static,tired,70,9.083488992347306,7,12,1,0,2,4,4,7,5,5,0,62,0,70.0,70,False,0.21488095238095237
static,tired,70,20.891108047148787,11,12,1,0,2,6,6,11,5,9,0,58,0,70.0,70,False,0.33154761904761904
static,tired,70,28.694223217703293,11,12,1,0,2,5,6,10,5,9,0,59,0,70.0,70,False,0.33154761904761904
static,tired,70,49.30636559514968,11,12,1,1,2,6,6,11,5,9,0,58,0,70.0,70,False,0.43154761904761907
static,tired,70,58.83464846763364,11,12,1,1,2,6,6,11,5,9,0,58,0,70.0,70,False,0.43154761904761907
static,tired,70,23.202203386222063,9,12,1,0,2,5,5,9,5,7,0,60,0,70.0,70,False,0.2732142857142857
static,tired,68,85.4976967150152,12,12,2,1,2,6,6,11,5,10,0,56,0,68.0,70,True,0.4667436974789916
static,tired,70,52.605792121027285,11,12,1,1,2,6,6,11,5,9,0,58,0,70.0,70,False,0.43154761904761907
static,tired,70,56.76910049263468,11,12,1,1,2,6,6,11,5,9,0,58,0,70.0,70,False,0.43154761904761907
static,tired,70,23.279146827352697,11,12,1,0,2,6,6,11,5,9,0,58,0,70.0,70,False,0.33154761904761904
static,tired,66,88.24011949726622,12,12,2,1,2,6,6,11,5,10,0,54,0,66.0,70,True,0.47279220779220776
static,tired,70,82.53266628152906,12,12,2,1,2,6,6,11,5,10,0,58,0,70.0,70,True,0.46071428571428574
static,tired,70,21.64655801222866,9,12,1,0,2,5,5,9,5,7,0,60,0,70.0,70,False,0.2732142857142857
static,tired,70,47.845994362601004,11,12,1,1,2,6,6,11,5,9,0,58,0,70.0,70,False,0.43154761904761907
static,tired,70,5.348702771076113,7,12,1,0,2,4,4,7,5,5,0,62,0,70.0,70,False,0.21488095238095237
static,tired,70,19.03219162029702,8,12,1,0,2,4,5,8,5,6,0,61,0,70.0,70,False,0.244047619047619
static,tired,70,11.10236550462896,8,12,1,0,2,4,5,8,5,6,0,61,0,70.0,70,False,0.244047619047619
static,tired,62,90.0681316343751,12,12,2,1,2,6,6,11,5,10,0,50,0,62.0,70,True,0.48495391705069124
static,easy_first,45,98.62890447370788,12,12,2,1,2,6,6,11,5,10,0,33,0,45.0,70,True,0.5380952380952381
static,easy_first,40,108.65424071523614,12,12,2,2,2,6,6,11,4,9,0,28,0,40.0,70,True,0.6507142857142858
static,easy_first,44,92.73837215883965,12,12,2,1,2,6,6,11,4,9,0,32,0,44.0,70,True,0.5379220779220779
static,easy_first,45,92.21154950175006,12,12,2,1,2,6,6,11,4,9,0,33,0,45.0,70,True,0.5347619047619047
static,easy_first,42,109.35805883881953,12,12,2,2,2,6,6,11,4,9,0,30,0,42.0,70,True,0.6442857142857144
static,easy_first,41,125.16553713210197,12,12,2,2,2,6,6,11,4,9,0,29,0,41.0,70,True,0.6474912891986062
static,easy_first,41,119.75901189134125,12,12,2,2,2,6,6,11,4,9,0,29,0,41.0,70,True,0.6474912891986062
static,easy_first,42,102.17992841509587,12,12,2,1,2,6,6,11,4,9,0,30,0,42.0,70,True,0.5442857142857143
static,easy_first,45,121.18773723108832,12,12,2,2,2,6,6,11,4,9,0,33,0,45.0,70,True,0.6347619047619046
static,easy_first,45,111.32827279593691,12,12,2,2,2,6,6,11,4,9,0,33,0,45.0,70,True,0.6347619047619046
static,easy_first,47,94.49693219369448,12,12,2,1,2,6,6,11,4,9,0,35,0,47.0,70,True,0.5284802431610942
static,easy_first,43,117.75477872261412,12,12,2,2,2,6,6,11,4,9,0,31,0,43.0,70,True,0.6410963455149501
static,easy_first,41,121.68532966290667,12,12,2,2,2,6,6,11,4,9,0,29,0,41.0,70,True,0.6474912891986062
static,easy_first,42,89.58554387215065,12,12,2,1,2,6,6,11,4,9,0,30,0,42.0,70,True,0.5442857142857143
static,easy_first,43,96.64490023223354,12,12,2,1,2,6,6,11,4,9,0,31,0,43.0,70,True,0.5410963455149501
static,easy_first,42,98.53830218582715,12,12,2,1,2,6,6,11,4,9,0,30,0,42.0,70,True,0.5442857142857143
static,easy_first,42,118.10108711966458,12,12,2,2,2,6,6,11,4,9,0,30,0,42.0,70,True,0.6442857142857144
static,easy_first,40,100.82969882923307,12,12,2,1,2,6,6,11,4,9,0,28,0,40.0,70,True,0.5507142857142857
static,easy_first,41,95.08922576826748,12,12,2,1,2,6,6,11,4,9,0,29,0,41.0,70,True,0.5474912891986062
static,easy_first,42,95.49592076629953,12,12,2,1,2,6,6,11,5,10,0,30,0,42.0,70,True,0.5478571428571428
static,easy_first,41,111.12988895349628,12,12,2,2,2,6,6,11,4,9,0,29,0,41.0,70,True,0.6474912891986062
static,easy_first,38,89.54386655278736,12,12,2,1,2,6,6,11,4,9,0,26,0,38.0,70,True,0.557218045112782
static,easy_first,40,104.09466809689995,12,12,2,1,2,6,6,11,4,9,0,28,0,40.0,70,True,0.5507142857142857
static,easy_first,41,101.95093702968428,12,12,2,1,2,6,6,11,4,9,0,29,0,41.0,70,True,0.5474912891986062
static,easy_first,41,115.73863398673981,12,12,2,2,2,6,6,11,4,9,0,29,0,41.0,70,True,0.6474912891986062
static,easy_first,42,117.71843909596492,12,12,2,2,2,6,6,11,4,9,0,30,0,42.0,70,True,0.6442857142857144
static,easy_first,40,117.73499841133207,12,12,2,2,2,6,6,11,4,9,0,28,0,40.0,70,True,0.6507142857142858
static,easy_first,45,96.67916823345706,12,12,2,1,2,6,6,11,5,10,0,33,0,45.0,70,True,0.5380952380952381
static,easy_first,44,94.38588850249184,12,12,2,1,2,6,6,11,4,9,0,32,0,44.0,70,True,0.5379220779220779
static,easy_first,41,119.33412253601009,12,12,2,2,2,6,6,11,4,9,0,29,0,41.0,70,True,0.6474912891986062
static,easy_first,43,88.25504678553918,12,12,2,1,2,6,6,11,4,9,0,31,0,43.0,70,True,0.5410963455149501
static,easy_first,39,104.4454127004872,12,12,2,1,2,6,6,11,4,9,0,27,0,39.0,70,True,0.5539560439560439
static,easy_first,44,89.78346696467253,12,12,2,1,2,6,6,11,4,9,0,32,0,44.0,70,True,0.5379220779220779
static,easy_first,42,101.4549012851567,12,12,2,1,2,6,6,11,4,9,0,30,0,42.0,70,True,0.5442857142857143
static,easy_first,45,108.51889412070517,12,12,2,2,2,6,6,11,4,9,0,33,0,45.0,70,True,0.6347619047619046
static,easy_first,42,93.89486462684614,12,12,2,1,2,6,6,11,4,9,0,30,0,42.0,70,True,0.5442857142857143
static,easy_first,41,102.19475204975556,12,12,2,1,2,6,6,11,4,9,0,29,0,41.0,70,True,0.5474912891986062
static,easy_first,49,90.64688073438822,12,12,2,1,2,6,6,11,4,9,0,37,0,49.0,70,True,0.5222448979591836
static,easy_first,45,90.61884675390873,12,12,2,1,2,6,6,11,4,9,0,33,0,45.0,70,True,0.5347619047619047
static,easy_first,41,96.9091586264516,12,12,2,1,2,6,6,11,4,9,0,29,0,41.0,70,True,0.5474912891986062
static,easy_first,39,101.5437446784602,12,12,2,1,2,6,6,11,4,9,0,27,0,39.0,70,True,0.5539560439560439
static,easy_first,42,93.97181389542749,12,12,2,1,2,6,6,11,4,9,0,30,0,42.0,70,True,0.5442857142857143
static,easy_first,41,95.17013780897592,12,12,2,1,2,6,6,11,4,9,0,29,0,41.0,70,True,0.5474912891986062
static,easy_first,41,113.38446378722384,12,12,2,2,2,6,6,11,4,9,0,29,0,41.0,70,True,0.6474912891986062
static,easy_first,43,118.9884421722502,12,12,2,2,2,6,6,11,4,9,0,31,0,43.0,70,True,0.6410963455149501
static,easy_first,45,92.58703192767287,12,12,2,1,2,6,6,11,4,9,0,33,0,45.0,70,True,0.5347619047619047
static,easy_first,39,102.25169498709319,12,12,2,1,2,6,6,11,4,9,0,27,0,39.0,70,True,0.5539560439560439
static,easy_first,43,116.80808944460492,12,12,2,2,2,6,6,11,4,9,0,31,0,43.0,70,True,0.6410963455149501
static,easy_first,40,89.3272770420619,12,12,2,1,2,6,6,11,4,9,0,28,0,40.0,70,True,0.5507142857142857
static,easy_first,42,96.87896064620821,12,12,2,1,2,6,6,11,4,9,0,30,0,42.0,70,True,0.5442857142857143
static,hard_first,44,98.79309283317232,12,12,2,1,2,6,6,11,5,10,0,32,0,44.0,70,True,0.5413311688311688
static,hard_first,41,108.63424071523613,12,12,2,2,2,6,6,11,4,9,0,29,0,41.0,70,True,0.6474912891986062
static,hard_first,46,92.29932723201237,12,12,2,1,2,6,6,11,4,9,0,34,0,46.0,70,True,0.5316149068322981
static,hard_first,47,91.87367777087451,12,12,2,1,2,6,6,11,4,9,0,35,0,47.0,70,True,0.5284802431610942
static,hard_first,42,109.35805883881953,12,12,2,2,2,6,6,11,4,9,0,30,0,42.0,70,True,0.6442857142857144
static,hard_first,41,125.16553713210197,12,12,2,2,2,6,6,11,4,9,0,29,0,41.0,70,True,0.6474912891986062
static,hard_first,43,119.71901189134124,12,12,2,2,2,6,6,11,4,9,0,31,0,43.0,70,True,0.6410963455149501
static,hard_first,47,100.88699990217721,12,12,2,1,2,6,6,11,4,9,0,35,0,47.0,70,True,0.5284802431610942
static,hard_first,45,121.18773723108832,12,12,2,2,2,6,6,11,4,9,0,33,0,45.0,70,True,0.6347619047619046
static,hard_first,45,111.3282727959369,12,12,2,2,2,6,6,11,4,9,0,33,0,45.0,70,True,0.6347619047619046
static,hard_first,47,94.49693219369448,12,12,2,1,2,6,6,11,4,9,0,35,0,47.0,70,True,0.5284802431610942
static,hard_first,43,117.75477872261412,12,12,2,2,2,6,6,11,4,9,0,31,0,43.0,70,True,0.6410963455149501
static,hard_first,41,121.68532966290667,12,12,2,2,2,6,6,11,4,9,0,29,0,41.0,70,True,0.6474912891986062
static,hard_first,43,89.4810119538913,12,12,2,1,2,6,6,11,5,10,0,31,0,43.0,70,True,0.5445847176079733
static,hard_first,40,97.69367911642456,12,12,2,1,2,6,6,11,4,9,0,28,0,40.0,70,True,0.5507142857142857
static,hard_first,42,98.83830218582716,12,12,2,1,2,6,6,11,4,9,0,30,0,42.0,70,True,0.5442857142857143
static,hard_first,44,96.10310385750894,12,12,2,1,2,6,6,11,4,9,0,32,0,44.0,70,True,0.5379220779220779
static,hard_first,42,100.30066707240222,12,12,2,1,2,6,6,11,4,9,0,30,0,42.0,70,True,0.5442857142857143
static,hard_first,42,94.84492299071687,12,12,2,1,2,6,6,11,4,9,0,30,0,42.0,70,True,0.5442857142857143
static,hard_first,44,95.16916710059918,12,12,2,1,2,6,6,11,5,10,0,32,0,44.0,70,True,0.5413311688311688
static,hard_first,41,111.12988895349628,12,12,2,2,2,6,6,11,4,9,0,29,0,41.0,70,True,0.6474912891986062
static,hard_first,42,88.17069585227395,12,12,2,1,2,6,6,11,4,9,0,30,0,42.0,70,True,0.5442857142857143
static,hard_first,41,103.90670520894405,12,12,2,1,2,6,6,11,4,9,0,29,0,41.0,70,True,0.5474912891986062
static,hard_first,42,101.6990166394502,12,12,2,1,2,6,6,11,4,9,0,30,0,42.0,70,True,0.5442857142857143
static,hard_first,44,93.45364496036717,12,12,2,1,2,6,6,11,4,9,0,32,0,44.0,70,True,0.5379220779220779
static,hard_first,42,118.01843909596494,12,12,2,2,2,6,6,11,4,9,0,30,0,42.0,70,True,0.6442857142857144
static,hard_first,42,117.69499841133205,12,12,2,2,2,6,6,11,4,9,0,30,0,42.0,70,True,0.6442857142857144
static,hard_first,45,96.67916823345706,12,12,2,1,2,6,6,11,5,10,0,33,0,45.0,70,True,0.5380952380952381
static,hard_first,44,94.38588850249184,12,12,2,1,2,6,6,11,4,9,0,32,0,44.0,70,True,0.5379220779220779
static,hard_first,42,119.31412253601009,12,12,2,2,2,6,6,11,4,9,0,30,0,42.0,70,True,0.6442857142857144
static,hard_first,44,88.02248295972797,12,12,2,1,2,6,6,11,4,9,0,32,0,44.0,70,True,0.5379220779220779
static,hard_first,40,104.2429817662193,12,12,2,1,2,6,6,11,4,9,0,28,0,40.0,70,True,0.5507142857142857
static,hard_first,46,89.64487030647733,12,12,2,1,2,6,6,11,5,10,0,34,0,46.0,70,True,0.5348757763975155
static,hard_first,42,101.4549012851567,12,12,2,1,2,6,6,11,4,9,0,30,0,42.0,70,True,0.5442857142857143
static,hard_first,44,108.63889412070517,12,12,2,2,2,6,6,11,5,10,0,32,0,44.0,70,True,0.6413311688311688
static,hard_first,43,93.66698534989109,12,12,2,1,2,6,6,11,4,9,0,31,0,43.0,70,True,0.5410963455149501
static,hard_first,41,102.19475204975556,12,12,2,1,2,6,6,11,4,9,0,29,0,41.0,70,True,0.5474912891986062
static,hard_first,47,91.03049302274935,12,12,2,1,2,6,6,11,4,9,0,35,0,47.0,70,True,0.5284802431610942
static,hard_first,42,113.23599037083372,12,12,2,2,2,6,6,11,4,9,0,30,0,42.0,70,True,0.6442857142857144
static,hard_first,41,96.9091586264516,12,12,2,1,2,6,6,11,4,9,0,29,0,41.0,70,True,0.5474912891986062
static,hard_first,40,101.33141204765315,12,12,2,1,2,6,6,11,4,9,0,28,0,40.0,70,True,0.5507142857142857
static,hard_first,44,93.47827182001215,12,12,2,1,2,6,6,11,4,9,0,32,0,44.0,70,True,0.5379220779220779
static,hard_first,41,95.17013780897592,12,12,2,1,2,6,6,11,4,9,0,29,0,41.0,70,True,0.5474912891986062
static,hard_first,42,113.36446378722383,12,12,2,2,2,6,6,11,4,9,0,30,0,42.0,70,True,0.6442857142857144
static,hard_first,43,118.9884421722502,12,12,2,2,2,6,6,11,4,9,0,31,0,43.0,70,True,0.6410963455149501
static,hard_first,43,93.01480404806301,12,12,2,1,2,6,6,11,4,9,0,31,0,43.0,70,True,0.5410963455149501
static,hard_first,41,101.84970664103918,12,12,2,1,2,6,6,11,4,9,0,29,0,41.0,70,True,0.5474912891986062
static,hard_first,42,117.12808944460491,12,12,2,2,2,6,6,11,4,9,0,30,0,42.0,70,True,0.6442857142857144
static,hard_first,42,88.8106728257236,12,12,2,1,2,6,6,11,4,9,0,30,0,42.0,70,True,0.5442857142857143
static,hard_first,43,96.65341919561656,12,12,2,1,2,6,6,11,4,9,0,31,0,43.0,70,True,0.5410963455149501
static,hesitant,59,93.93026744120554,12,12,2,1,2,6,6,11,5,10,0,47,0,59.0,70,True,0.49414043583535106
static,hesitant,58,86.02829041598505,12,12,2,1,2,6,6,11,5,10,0,46,0,58.0,70,True,0.4972167487684729
static,hesitant,60,87.82601274422143,12,12,2,1,2,6,6,11,5,10,0,48,0,60.0,70,True,0.4910714285714286
static,hesitant,62,87.33963978930802,12,12,2,1,2,6,6,11,5,10,0,50,0,62.0,70,True,0.48495391705069124
static,hesitant,58,88.0454662634449,12,12,2,1,2,6,6,11,5,10,0,46,0,58.0,70,True,0.4972167487684729
static,hesitant,57,101.25951101013494,12,12,2,1,2,6,6,11,5,10,0,45,0,57.0,70,True,0.5003007518796992
static,hesitant,59,95.39978346244877,12,12,2,1,2,6,6,11,5,10,0,47,0,59.0,70,True,0.49414043583535106
static,hesitant,58,97.00255717375612,12,12,2,1,2,6,6,11,5,10,0,46,0,58.0,70,True,0.4972167487684729
static,hesitant,63,98.059540344332,12,12,2,1,2,6,6,11,5,10,0,51,0,63.0,70,True,0.48190476190476195
static,hesitant,63,91.33106530896075,12,12,2,1,2,6,6,11,5,10,0,51,0,63.0,70,True,0.48190476190476195
static,hesitant,64,88.18683130110875,12,12,2,1,2,6,6,11,5,10,0,52,0,64.0,70,True,0.4788616071428571
static,hesitant,61,94.30537616418835,12,12,2,1,2,6,6,11,5,10,0,49,0,61.0,70,True,0.48800936768149883
static,hesitant,59,97.9404122592083,12,12,2,1,2,6,6,11,5,10,0,47,0,59.0,70,True,0.49414043583535106
static,hesitant,59,84.10850126174162,12,12,2,1,2,6,6,11,5,10,0,47,0,59.0,70,True,0.49414043583535106
static,hesitant,56,92.00019173407247,12,12,2,1,2,6,6,11,5,10,0,44,0,56.0,70,True,0.5033928571428571
static,hesitant,58,93.6661258024103,12,12,2,1,2,6,6,11,5,10,0,46,0,58.0,70,True,0.4972167487684729
static,hesitant,62,90.97005762352397,12,12,2,1,2,6,6,11,5,10,0,50,0,62.0,70,True,0.48495391705069124
static,hesitant,58,94.06841301775546,12,12,2,1,2,6,6,11,5,10,0,46,0,58.0,70,True,0.4972167487684729
static,hesitant,59,88.39177577235655,12,12,2,1,2,6,6,11,5,10,0,47,0,59.0,70,True,0.49414043583535106
static,hesitant,58,90.78189144069671,12,12,2,1,2,6,6,11,5,10,0,46,0,58.0,70,True,0.4972167487684729
static,hesitant,58,91.29255749966163,12,12,2,1,2,6,6,11,5,10,0,46,0,58.0,70,True,0.4972167487684729
static,hesitant,56,82.71459840047707,12,12,2,1,2,6,6,11,5,10,0,44,0,56.0,70,True,0.5033928571428571
static,hesitant,57,99.19929900164956,12,12,2,1,2,6,6,11,5,10,0,45,0,57.0,70,True,0.5003007518796992
static,hesitant,58,65.47391063438226,12,12,2,0,2,6,6,11,5,10,0,46,0,58.0,70,True,0.39721674876847285
static,hesitant,60,89.74864715509264,12,12,2,1,2,6,6,11,5,10,0,48,0,60.0,70,True,0.4910714285714286
static,hesitant,59,96.09497204222927,12,12,2,1,2,6,6,11,5,10,0,47,0,59.0,70,True,0.49414043583535106
static,hesitant,58,95.28382193356703,12,12,2,1,2,6,6,11,5,10,0,46,0,58.0,70,True,0.4972167487684729
static,hesitant,57,92.98277928679454,12,12,2,1,2,6,6,11,5,10,0,45,0,57.0,70,True,0.5003007518796992
static,hesitant,59,89.60995201540294,12,12,2,1,2,6,6,11,5,10,0,47,0,59.0,70,True,0.49414043583535106
static,hesitant,59,70.12160692766707,12,12,2,0,2,6,6,11,5,10,0,47,0,59.0,70,True,0.3941404358353511
static,hesitant,59,82.2340255725598,12,12,2,1,2,6,6,11,5,10,0,47,0,59.0,70,True,0.49414043583535106
static,hesitant,57,67.3537142034755,12,12,2,0,2,6,6,11,5,10,0,45,0,57.0,70,True,0.4003007518796992
static,hesitant,64,82.39750038272051,12,12,2,1,2,6,6,11,5,10,0,52,0,64.0,70,True,0.4788616071428571
static,hesitant,57,65.67495595471705,12,12,2,0,2,6,6,11,5,10,0,45,0,57.0,70,True,0.4003007518796992
static,hesitant,63,87.70046330309356,12,12,2,1,2,6,6,11,5,10,0,51,0,63.0,70,True,0.48190476190476195
static,hesitant,58,88.24879619556535,12,12,2,1,2,6,6,11,5,10,0,46,0,58.0,70,True,0.4972167487684729
static,hesitant,59,97.14668990048241,12,12,2,1,2,6,6,11,5,10,0,47,0,59.0,70,True,0.49414043583535106
static,hesitant,65,85.57798242749928,12,12,2,1,2,6,6,11,5,10,0,53,0,65.0,70,True,0.4758241758241758
static,hesitant,59,86.53640759979963,12,12,2,1,2,6,6,11,5,10,0,47,0,59.0,70,True,0.49414043583535106
static,hesitant,59,91.65513872319701,12,12,2,1,2,6,6,11,5,10,0,47,0,59.0,70,True,0.49414043583535106
static,hesitant,58,95.80942469312629,12,12,2,1,2,6,6,11,5,10,0,46,0,58.0,70,True,0.4972167487684729
static,hesitant,58,88.32347729210483,12,12,2,1,2,6,6,11,5,10,0,46,0,58.0,70,True,0.4972167487684729
static,hesitant,56,90.3921268219501,12,12,2,1,2,6,6,11,5,10,0,44,0,56.0,70,True,0.5033928571428571
static,hesitant,61,85.97945298761552,12,12,2,1,2,6,6,11,5,10,0,49,0,61.0,70,True,0.48800936768149883
static,hesitant,59,69.69059842051055,12,12,2,0,2,6,6,11,5,10,0,47,0,59.0,70,True,0.3941404358353511
static,hesitant,61,87.16485496455172,12,12,2,1,2,6,6,11,5,10,0,49,0,61.0,70,True,0.48800936768149883
static,hesitant,59,95.93181152655336,12,12,2,1,2,6,6,11,5,10,0,47,0,59.0,70,True,0.49414043583535106
static,hesitant,60,91.64709922211009,12,12,2,1,2,6,6,11,5,10,0,48,0,60.0,70,True,0.4910714285714286
static,hesitant,57,82.93614120318641,12,12,2,1,2,6,6,11,5,10,0,45,0,57.0,70,True,0.5003007518796992
static,hesitant,60,90.81921453555842,12,12,2,1,2,6,6,11,5,10,0,48,0,60.0,70,True,0.4910714285714286
static,erratic,70,20.74008551211701,9,12,1,0,2,5,5,9,4,6,0,60,0,70.0,70,False,0.2710714285714285
static,erratic,65,84.67552500835035,12,12,2,1,2,6,6,11,5,10,0,53,0,65.0,70,True,0.4758241758241758
static,erratic,65,84.62840042715325,12,12,2,1,2,6,6,11,5,10,0,53,0,65.0,70,True,0.4758241758241758
static,erratic,70,47.43921700036813,11,12,1,1,2,6,6,11,5,9,0,58,0,70.0,70,False,0.43154761904761907
static,erratic,57,88.34316173650461,12,12,2,1,2,6,6,11,4,9,0,45,0,57.0,70,True,0.4976691729323308
static,erratic,70,23.033898235532178,8,12,1,0,2,4,4,7,5,6,0,62,0,70.0,70,False,0.244047619047619
static,erratic,65,95.72238590315774,12,12,2,1,2,6,6,11,4,9,0,53,0,65.0,70,True,0.47351648351648346
static,erratic,61,96.70680006600492,12,12,2,1,2,6,6,11,5,10,0,49,0,61.0,70,True,0.48800936768149883
static,erratic,70,29.812395255745777,11,12,1,0,2,6,6,11,5,9,0,58,0,70.0,70,False,0.33154761904761904
static,erratic,68,90.63121384688753,12,12,2,1,2,6,6,11,5,10,0,56,0,68.0,70,True,0.4667436974789916
static,erratic,67,86.22622526124069,12,12,2,1,2,6,6,11,5,10,0,55,0,67.0,70,True,0.46976545842217476
static,erratic,70,26.523016962813124,11,12,1,0,2,6,6,11,5,9,0,58,0,70.0,70,False,0.33154761904761904
static,erratic,46,101.47034695004787,12,12,2,1,2,6,6,11,4,9,0,34,0,46.0,70,True,0.5316149068322981
static,erratic,62,81.39490550696357,12,12,2,1,2,6,6,11,5,10,0,50,0,62.0,70,True,0.48495391705069124
static,erratic,70,51.97629731311738,11,12,1,1,2,6,6,11,5,9,0,58,0,70.0,70,False,0.43154761904761907
static,erratic,58,94.8661258024103,12,12,2,1,2,6,6,11,5,10,0,46,0,58.0,70,True,0.4972167487684729
static,erratic,60,90.05150720507785,12,12,2,1,2,6,6,11,5,10,0,48,0,60.0,70,True,0.4910714285714286
static,erratic,70,23.665597496033758,11,12,1,0,2,6,6,11,5,9,0,58,0,70.0,70,False,0.33154761904761904
static,erratic,59,87.79177577235656,12,12,2,1,2,6,6,11,5,10,0,47,0,59.0,70,True,0.49414043583535106
static,erratic,66,89.07487677789531,12,12,2,1,2,6,6,11,4,9,0,54,0,66.0,70,True,0.47051948051948056
static,erratic,70,24.426541437910746,9,12,1,0,2,5,5,9,4,6,0,60,0,70.0,70,False,0.2710714285714285
static,erratic,62,81.70484234970696,12,12,2,1,2,6,6,11,5,10,0,50,0,62.0,70,True,0.48495391705069124
static,erratic,70,17.12368366367706,8,12,1,0,2,4,5,8,5,6,0,61,0,70.0,70,False,0.244047619047619
static,erratic,57,97.42021078593922,12,12,2,1,2,6,6,11,5,10,0,45,0,57.0,70,True,0.5003007518796992
static,erratic,54,91.8130213320706,12,12,2,1,2,6,6,11,5,10,0,42,0,54.0,70,True,0.5096031746031746
static,erratic,70,24.239490755986175,9,12,1,0,2,4,5,8,5,7,0,61,0,70.0,70,False,0.2732142857142857
static,erratic,70,13.937781911561947,7,12,1,0,2,4,4,7,5,5,0,62,0,70.0,70,False,0.21488095238095237
static,erratic,70,21.908991320347223,9,12,1,0,2,4,5,8,5,7,0,61,0,70.0,70,False,0.2732142857142857
static,erratic,70,7.557687108938944,7,12,1,0,2,4,4,7,5,5,0,62,0,70.0,70,False,0.21488095238095237
static,erratic,56,101.3281028067138,12,12,2,1,2,6,6,11,5,10,0,44,0,56.0,70,True,0.5033928571428571
static,erratic,70,43.76325966282525,11,12,1,1,2,6,6,11,5,9,0,58,0,70.0,70,False,0.43154761904761907
static,erratic,62,64.18116735039825,12,12,2,0,2,6,6,11,5,10,0,50,0,62.0,70,True,0.3849539170506912
static,erratic,70,1.9386034367324676,7,12,1,0,2,4,4,7,5,5,0,62,0,70.0,70,False,0.21488095238095237
static,erratic,70,18.792710042972985,11,12,1,0,2,6,6,11,5,9,0,58,0,70.0,70,False,0.33154761904761904
static,erratic,67,86.15840241723777,12,12,2,1,2,6,6,11,5,10,0,55,0,67.0,70,True,0.46976545842217476
static,erratic,70,48.706365595149684,11,12,1,1,2,6,6,11,5,9,0,58,0,70.0,70,False,0.43154761904761907
static,erratic,69,96.0533220397751,12,12,2,1,2,6,6,11,5,10,0,57,0,69.0,70,True,0.4637267080745341
static,erratic,70,24.602203386222065,10,12,1,0,2,5,5,9,5,8,0,60,0,70.0,70,False,0.3023809523809524
static,erratic,58,88.18515325366455,12,12,2,1,2,6,6,11,5,10,0,46,0,58.0,70,True,0.4972167487684729
static,erratic,70,52.20579212102729,11,12,1,1,2,6,6,11,4,8,0,58,0,70.0,70,False,0.42940476190476184
static,erratic,51,98.79575310877561,12,12,2,1,2,6,6,11,5,10,0,39,0,51.0,70,True,0.5189915966386555
static,erratic,70,22.418497272425476,11,12,1,0,2,6,6,11,5,9,0,58,0,70.0,70,False,0.33154761904761904
static,erratic,58,89.02172535701332,12,12,2,1,2,6,6,11,4,9,0,46,0,58.0,70,True,0.4946305418719211
static,erratic,62,87.02981002027256,12,12,2,1,2,6,6,11,5,10,0,50,0,62.0,70,True,0.48495391705069124
static,erratic,70,29.785186738950596,11,12,1,0,2,6,6,11,4,8,0,58,0,70.0,70,False,0.32940476190476187
static,erratic,67,82.8815386033813,12,12,2,1,2,6,6,11,5,10,0,55,0,67.0,70,True,0.46976545842217476
static,erratic,70,14.774020000079119,9,12,1,0,2,5,5,9,4,6,0,60,0,70.0,70,False,0.2710714285714285
static,erratic,70,27.667199090203596,11,12,1,0,2,6,6,11,5,9,0,58,0,70.0,70,False,0.33154761904761904
static,erratic,70,37.53991168881835,9,12,1,1,2,5,5,9,5,7,0,60,0,70.0,70,False,0.3732142857142857
static,erratic,59,92.24475598615007,12,12,2,1,2,6,6,11,5,10,0,47,0,59.0,70,True,0.49414043583535106
greedy,average,29,130.95447388246606,12,12,2,2,2,5,8,10,13,1,0,16,1,29.0,70,True,0.7343842364532018
greedy,average,29,116.27424071523617,12,12,2,2,2,3,9,6,12,4,0,17,0,29.0,70,True,0.7292118226600985
greedy,average,30,131.1768264758262,12,12,2,2,2,4,8,8,14,5,0,18,0,30.0,70,True,0.7342857142857142
greedy,average,31,125.13473709041799,12,12,2,2,2,4,9,8,14,4,0,18,1,31.0,70,True,0.7291705069124423
greedy,average,28,119.13805883881957,12,12,2,2,2,4,8,8,15,2,0,16,0,28.0,70,True,0.7503571428571427
greedy,average,26,133.06553713210198,12,12,2,2,2,5,7,8,11,1,0,14,0,26.0,70,True,0.7391758241758242
greedy,average,28,127.71901189134128,12,12,2,2,2,5,7,8,12,3,0,16,0,28.0,70,True,0.7342857142857142
greedy,average,30,109.08685620669851,12,12,2,1,2,3,9,6,15,2,0,18,0,30.0,70,True,0.6392857142857142
greedy,average,29,129.80773723108837,12,12,2,2,2,5,7,10,12,3,0,17,0,29.0,70,True,0.7292118226600985
greedy,average,29,119.62601345291635,12,12,2,2,2,5,8,10,13,2,0,16,1,29.0,70,True,0.7343842364532018
greedy,average,34,105.49289169978948,12,12,2,1,2,3,9,6,12,4,0,22,0,34.0,70,True,0.6057983193277311
greedy,average,29,126.43477872261417,12,12,2,2,2,5,7,9,13,2,0,17,0,29.0,70,True,0.7343842364532018
greedy,average,29,129.6253296629067,12,12,2,2,2,5,7,10,12,3,0,17,0,29.0,70,True,0.7292118226600985
greedy,average,30,125.0262250059364,12,12,2,2,2,3,9,6,12,4,0,18,0,30.0,70,True,0.7242857142857142
greedy,average,29,136.75867379656728,12,12,2,2,2,3,9,6,12,4,0,17,0,29.0,70,True,0.7292118226600985
greedy,average,34,131.79396717480228,12,12,2,2,2,3,9,6,10,5,0,22,0,34.0,70,True,0.6969747899159664
greedy,average,29,126.48566898302411,12,12,2,2,2,5,8,10,13,1,0,16,1,29.0,70,True,0.7343842364532018
greedy,average,29,141.72258025137467,12,12,2,2,2,3,9,6,12,4,0,17,0,29.0,70,True,0.7292118226600985
greedy,average,28,134.16356741517018,12,12,2,2,2,4,8,8,11,3,0,16,0,28.0,70,True,0.7289285714285714
greedy,average,30,127.60606739431367,12,12,2,2,2,4,8,8,14,4,0,18,0,30.0,70,True,0.7342857142857142
greedy,average,28,118.38988895349631,12,12,2,2,2,5,7,8,11,4,0,16,0,28.0,70,True,0.7289285714285714
greedy,average,28,130.09703661382528,12,12,2,2,2,4,8,8,11,3,0,16,0,28.0,70,True,0.7289285714285714
greedy,average,26,137.7116991333721,12,12,2,2,2,5,7,8,11,1,0,14,0,26.0,70,True,0.7391758241758242
greedy,average,29,142.54002124249627,12,12,2,2,2,5,8,10,13,2,0,16,1,29.0,70,True,0.7343842364532018
greedy,average,30,123.05863398673986,12,12,2,2,2,3,9,6,12,4,0,18,0,30.0,70,True,0.7242857142857142
greedy,average,29,125.97843909596499,12,12,2,2,2,5,7,10,12,3,0,17,0,29.0,70,True,0.7292118226600985
greedy,average,26,126.2149984113321,12,12,2,2,2,5,7,8,11,1,0,14,0,26.0,70,True,0.7391758241758242
greedy,average,30,132.83692327231677,12,12,2,2,2,3,9,6,15,2,0,18,0,30.0,70,True,0.7392857142857143
greedy,average,32,129.9412576951349,12,12,2,2,2,3,9,6,12,4,0,20,0,32.0,70,True,0.7148214285714285
greedy,average,28,127.99412253601011,12,12,2,2,2,5,7,9,13,2,0,16,0,28.0,70,True,0.739642857142857
greedy,average,29,126.32809963111484,12,12,2,2,2,4,8,8,11,3,0,17,0,29.0,70,True,0.724039408866995
greedy,average,29,139.12231837618688,12,12,2,2,2,5,7,10,12,3,0,17,0,29.0,70,True,0.7292118226600985
greedy,average,31,132.67891324165214,12,12,2,2,2,3,9,6,12,4,0,19,0,31.0,70,True,0.7194930875576038
greedy,average,28,142.7385480671089,12,12,2,2,2,5,7,9,13,2,0,16,0,28.0,70,True,0.739642857142857
greedy,average,37,116.37889412070518,12,12,2,2,2,3,9,6,12,5,0,25,0,37.0,70,True,0.692934362934363
greedy,average,33,131.65248244498054,12,12,2,2,2,3,9,6,12,4,0,21,0,33.0,70,True,0.7102597402597401
greedy,average,28,134.101694935414,12,12,2,2,2,5,7,8,12,3,0,16,0,28.0,70,True,0.7342857142857142
greedy,average,32,128.84943371063866,12,12,2,2,2,3,9,6,15,4,0,20,0,32.0,70,True,0.7288839285714286
greedy,average,31,120.85599037083375,12,12,2,2,2,3,9,6,12,4,0,19,0,31.0,70,True,0.7194930875576038
greedy,average,26,130.93224819109744,12,12,2,2,2,5,7,8,13,1,0,14,0,26.0,70,True,0.7507142857142857
greedy,average,28,136.53502040463826,12,12,2,2,2,5,7,8,11,4,0,16,0,28.0,70,True,0.7289285714285714
greedy,average,32,133.52766521370228,12,12,2,2,2,3,9,6,12,4,0,20,0,32.0,70,True,0.7148214285714285
greedy,average,29,128.1913971389156,12,12,2,2,2,3,9,6,12,4,0,17,0,29.0,70,True,0.7292118226600985
greedy,average,30,121.00446378722387,12,12,2,2,2,3,9,6,12,4,0,18,0,30.0,70,True,0.7242857142857142
greedy,average,32,126.60844217225022,12,12,2,2,2,3,9,6,12,6,0,20,0,32.0,70,True,0.7148214285714285
greedy,average,28,129.28900522483931,12,12,2,2,2,4,8,8,11,3,0,16,0,28.0,70,True,0.7289285714285714
greedy,average,28,137.53222300227978,12,12,2,2,2,5,7,9,13,2,0,16,0,28.0,70,True,0.739642857142857
greedy,average,30,125.86808944460496,12,12,2,2,2,4,8,8,14,4,0,18,0,30.0,70,True,0.7342857142857142
greedy,average,28,130.99956045277776,12,12,2,2,2,5,7,8,13,2,0,16,0,28.0,70,True,0.739642857142857
greedy,average,31,134.17552539709084,12,12,2,2,2,3,9,6,12,4,0,19,0,31.0,70,True,0.7194930875576038
greedy,fast,27,130.55653830925735,12,12,2,2,2,5,7,10,12,3,0,15,0,27.0,70,True,0.7395238095238095
greedy,fast,24,115.47424071523618,12,12,2,2,2,5,7,10,9,3,0,12,0,24.0,70,True,0.7376785714285714
greedy,fast,24,130.59682647582622,12,12,2,2,2,5,7,10,10,2,0,12,0,24.0,70,True,0.7439285714285715
greedy,fast,26,125.00216219852278,12,12,2,2,2,4,8,8,11,3,0,14,0,26.0,70,True,0.7391758241758242
greedy,fast,28,115.93805883881956,12,12,2,2,2,3,9,6,10,6,0,16,0,28.0,70,True,0.7235714285714285
greedy,fast,23,130.62553713210198,12,12,2,2,2,5,7,8,7,4,0,11,0,23.0,70,True,0.7299378881987577
greedy,fast,26,125.25901189134129,12,12,2,2,2,4,8,6,8,6,0,14,0,26.0,70,True,0.7218681318681319
greedy,fast,29,134.46254172954562,12,12,2,2,2,4,8,6,8,5,0,17,0,29.0,70,True,0.7085221674876847
greedy,fast,27,129.14773723108834,12,12,2,2,2,5,7,8,11,4,0,15,0,27.0,70,True,0.7339682539682539
greedy,fast,31,117.10827279593694,12,12,2,2,2,4,8,6,8,5,0,19,0,31.0,70,True,0.7001382488479262
greedy,fast,24,136.17571942960487,12,12,2,2,2,5,7,10,10,2,0,12,0,24.0,70,True,0.7439285714285715
greedy,fast,28,123.25477872261415,12,12,2,2,2,4,8,6,8,6,0,16,0,28.0,70,True,0.7128571428571429
greedy,fast,28,127.14532966290669,12,12,2,2,2,4,8,6,8,6,0,16,0,28.0,70,True,0.7128571428571429
greedy,fast,25,124.9262250059364,12,12,2,2,2,5,7,10,10,2,0,13,0,25.0,70,True,0.7385714285714284
greedy,fast,25,135.03867379656728,12,12,2,2,2,5,7,6,9,6,0,13,0,25.0,70,True,0.7325714285714287
greedy,fast,26,131.55396717480232,12,12,2,2,2,5,7,8,9,5,0,14,0,26.0,70,True,0.7276373626373627
greedy,fast,26,126.02108711966463,12,12,2,2,2,5,7,8,11,2,0,14,0,26.0,70,True,0.7391758241758242
greedy,fast,24,141.22258025137467,12,12,2,2,2,6,6,11,9,2,0,12,0,24.0,70,True,0.7376785714285714
greedy,fast,23,133.46356741517016,12,12,2,2,2,6,6,11,9,3,0,11,0,23.0,70,True,0.7429813664596274
greedy,fast,26,125.38606739431367,12,12,2,2,2,5,7,8,9,5,0,14,0,26.0,70,True,0.7276373626373627
greedy,fast,27,116.6098889534963,12,12,2,2,2,4,8,6,8,6,0,15,0,27.0,70,True,0.7173015873015873
greedy,fast,27,128.01703661382527,12,12,2,2,2,5,7,8,8,6,0,15,0,27.0,70,True,0.7173015873015873
greedy,fast,31,134.24332236329855,12,12,2,2,2,4,9,6,8,6,0,18,1,31.0,70,True,0.7001382488479262
greedy,fast,25,139.94801098004862,12,12,2,2,2,5,7,6,8,6,0,13,0,25.0,70,True,0.7265714285714286
greedy,fast,25,121.35863398673985,12,12,2,2,2,5,7,6,9,6,0,13,0,25.0,70,True,0.7325714285714287
greedy,fast,27,123.51843909596496,12,12,2,2,2,4,8,6,8,6,0,15,0,27.0,70,True,0.7173015873015873
greedy,fast,27,123.49499841133209,12,12,2,2,2,4,8,6,8,6,0,15,0,27.0,70,True,0.7173015873015873
greedy,fast,26,130.21692327231676,12,12,2,2,2,5,7,6,9,3,0,14,0,26.0,70,True,0.7276373626373627
greedy,fast,24,128.90125769513492,12,12,2,2,2,6,6,11,9,4,0,12,0,24.0,70,True,0.7376785714285714
greedy,fast,27,125.11412253601011,12,12,2,2,2,4,8,6,8,5,0,15,0,27.0,70,True,0.7173015873015873
greedy,fast,23,125.94809963111484,12,12,2,2,2,6,6,11,9,2,0,11,0,23.0,70,True,0.7429813664596274
greedy,fast,25,137.00231837618685,12,12,2,2,2,4,8,6,8,5,0,13,0,25.0,70,True,0.7265714285714286
greedy,fast,28,132.33891324165216,12,12,2,2,2,4,8,8,11,4,0,16,0,28.0,70,True,0.7289285714285714
greedy,fast,26,140.2785480671089,12,12,2,2,2,5,7,8,9,5,0,14,0,26.0,70,True,0.7276373626373627
greedy,fast,28,114.9588941207052,12,12,2,2,2,4,8,8,8,5,0,16,0,28.0,70,True,0.7128571428571429
greedy,fast,25,131.01248244498055,12,12,2,2,2,5,7,10,10,4,0,13,0,25.0,70,True,0.7385714285714284
greedy,fast,27,131.62169493541398,12,12,2,2,2,4,8,6,8,6,0,15,0,27.0,70,True,0.7173015873015873
greedy,fast,26,127.66943371063869,12,12,2,2,2,4,8,8,11,3,0,14,0,26.0,70,True,0.7391758241758242
greedy,fast,24,120.49599037083375,12,12,2,2,2,5,7,10,10,3,0,12,0,24.0,70,True,0.7439285714285715
greedy,fast,26,128.13224819109743,12,12,2,2,2,5,7,8,9,5,0,14,0,26.0,70,True,0.7276373626373627
greedy,fast,27,134.75502040463826,12,12,2,2,2,4,8,6,8,6,0,15,0,27.0,70,True,0.7173015873015873
greedy,fast,23,132.80766521370225,12,12,2,2,2,6,6,11,9,3,0,11,0,23.0,70,True,0.7429813664596274
greedy,fast,24,127.0913971389156,12,12,2,2,2,5,7,10,9,4,0,12,0,24.0,70,True,0.7376785714285714
greedy,fast,27,119.66446378722387,12,12,2,2,2,4,8,6,10,6,0,15,0,27.0,70,True,0.7284126984126984
greedy,fast,27,126.20844217225022,12,12,2,2,2,3,9,6,10,5,0,15,0,27.0,70,True,0.7284126984126984
greedy,fast,24,128.9690052248393,12,12,2,2,2,5,7,10,10,3,0,12,0,24.0,70,True,0.7439285714285715
greedy,fast,28,135.43222300227978,12,12,2,2,2,3,9,6,10,5,0,16,0,28.0,70,True,0.7235714285714285
greedy,fast,26,123.14808944460495,12,12,2,2,2,5,7,8,7,4,0,14,0,26.0,70,True,0.7160989010989012
greedy,fast,27,129.61956045277776,12,12,2,2,2,4,8,8,11,4,0,15,0,27.0,70,True,0.7339682539682539
greedy,fast,23,133.13552539709082,12,12,2,2,2,6,6,11,9,4,0,11,0,23.0,70,True,0.7429813664596274
greedy,slow,36,129.3071077508686,12,12,2,2,2,3,10,6,12,5,0,23,1,36.0,70,True,0.6971428571428571
greedy,slow,35,116.87035208044645,12,12,2,2,2,3,10,6,15,4,0,22,1,35.0,70,True,0.7142857142857142
greedy,slow,34,131.16809695648388,12,12,2,2,2,3,10,6,15,5,0,21,1,34.0,70,True,0.7190336134453781
greedy,slow,42,101.42456517736066,12,12,2,1,2,3,10,6,15,4,0,29,1,42.0,70,True,0.5835714285714285
greedy,slow,31,120.09002732939382,12,12,2,2,2,5,8,10,18,1,0,18,1,31.0,70,True,0.7485253456221197
greedy,slow,35,131.48149589359363,12,12,2,2,2,3,10,6,12,5,0,22,1,35.0,70,True,0.7014285714285713
greedy,slow,38,126.08635310392862,12,12,2,2,2,3,10,6,12,6,0,25,1,38.0,70,True,0.688796992481203
greedy,slow,38,134.4651742969516,12,12,2,2,2,3,11,6,12,6,0,24,2,38.0,70,True,0.688796992481203
greedy,slow,42,128.14441328074918,12,12,2,2,2,3,10,6,12,6,0,29,1,42.0,70,True,0.6728571428571428
greedy,slow,43,117.96847783437016,12,12,2,2,2,3,10,6,12,5,0,30,1,43.0,70,True,0.6690033222591362
greedy,slow,37,105.5131630675802,12,12,2,1,2,3,10,6,15,4,0,24,1,37.0,70,True,0.6050965250965251
greedy,slow,34,124.54890164292854,12,12,2,2,2,3,10,6,12,5,0,21,1,34.0,70,True,0.7057983193277311
greedy,slow,36,128.3404101248596,12,12,2,2,2,3,10,6,12,5,0,23,1,36.0,70,True,0.6971428571428571
greedy,slow,35,125.42183612871683,12,12,2,2,2,3,10,6,15,5,0,22,1,35.0,70,True,0.7142857142857142
greedy,slow,38,105.92823875903724,12,12,2,1,2,3,10,6,15,4,0,25,1,38.0,70,True,0.6006390977443609
greedy,slow,38,131.99557877479265,12,12,2,2,2,3,10,6,12,5,0,25,1,38.0,70,True,0.688796992481203
greedy,slow,38,124.7576964057546,12,12,2,2,2,3,10,6,12,5,0,25,1,38.0,70,True,0.688796992481203
greedy,slow,34,110.24555498380931,12,12,2,1,2,3,10,6,15,5,0,21,1,34.0,70,True,0.6190336134453781
greedy,slow,38,103.94655107099577,12,12,2,1,2,3,10,6,15,4,0,25,1,38.0,70,True,0.6006390977443609
greedy,slow,44,101.97651113204708,12,12,2,1,2,3,10,6,12,5,0,31,1,44.0,70,True,0.5651948051948051
greedy,slow,36,117.8013832975206,12,12,2,2,2,3,10,6,12,5,0,23,1,36.0,70,True,0.6971428571428571
greedy,slow,45,95.38168979389879,12,12,2,1,2,3,10,6,15,4,0,32,1,45.0,70,True,0.5714285714285714
greedy,slow,37,136.1853911446907,12,12,2,2,2,3,10,6,12,5,0,24,1,37.0,70,True,0.692934362934363
greedy,slow,33,113.32562475700254,12,12,2,1,2,5,8,10,18,1,0,20,1,33.0,70,True,0.6375324675324675
greedy,slow,41,123.47705340475079,12,12,2,2,2,3,10,6,15,4,0,28,1,41.0,70,True,0.6877351916376306
greedy,slow,35,124.8046896234306,12,12,2,2,2,3,10,6,12,5,0,22,1,35.0,70,True,0.7014285714285713
greedy,slow,36,124.76738850578231,12,12,2,2,2,3,10,6,12,5,0,23,1,36.0,70,True,0.6971428571428571
greedy,slow,34,132.27093144859842,12,12,2,2,2,5,9,10,17,3,0,20,2,34.0,70,True,0.7278571428571428
greedy,slow,51,101.08189993005774,12,12,2,1,2,3,10,6,15,4,0,38,1,51.0,70,True,0.5484033613445378
greedy,slow,35,126.01938626770198,12,12,2,2,2,3,10,6,12,5,0,22,1,35.0,70,True,0.7014285714285713
greedy,slow,36,126.67742695322664,12,12,2,2,2,3,10,6,15,5,0,23,1,36.0,70,True,0.709642857142857
greedy,slow,36,137.91866676322599,12,12,2,2,2,3,10,6,12,5,0,23,1,36.0,70,True,0.6971428571428571
greedy,slow,45,97.95683679367652,12,12,2,1,2,3,10,6,15,4,0,32,1,45.0,70,True,0.5714285714285714
greedy,slow,37,109.35270932142113,12,12,2,1,2,3,10,6,12,5,0,24,1,37.0,70,True,0.592934362934363
greedy,slow,40,115.54836438624369,12,12,2,2,2,3,10,6,12,6,0,27,1,40.0,70,True,0.6807142857142857
greedy,slow,43,102.12788000433385,12,12,2,1,2,3,10,6,15,4,0,30,1,43.0,70,True,0.579468438538206
greedy,slow,35,132.87583065234907,12,12,2,2,2,3,10,6,12,5,0,22,1,35.0,70,True,0.7014285714285713
greedy,slow,46,101.13844913295722,12,12,2,1,2,3,10,6,15,4,0,33,1,46.0,70,True,0.5674844720496894
greedy,slow,40,121.35531241326402,12,12,2,2,2,3,10,6,15,4,0,27,1,40.0,70,True,0.6919642857142858
greedy,slow,36,128.62712556806628,12,12,2,2,2,3,10,6,12,5,0,23,1,36.0,70,True,0.6971428571428571
greedy,slow,35,135.98308449885155,12,12,2,2,2,3,10,6,12,5,0,22,1,35.0,70,True,0.7014285714285713
greedy,slow,42,102.09935418779342,12,12,2,1,2,3,10,6,15,4,0,29,1,42.0,70,True,0.5835714285714285
greedy,slow,34,128.80884239735502,12,12,2,2,2,3,10,6,15,4,0,21,1,34.0,70,True,0.7190336134453781
greedy,slow,38,121.20192510613143,12,12,2,2,2,3,10,6,15,5,0,25,1,38.0,70,True,0.7006390977443608
greedy,slow,37,126.02228628057286,12,12,2,2,2,3,10,6,12,6,0,24,1,37.0,70,True,0.692934362934363
greedy,slow,46,107.9193268889223,12,12,2,1,2,3,10,6,15,5,0,33,1,46.0,70,True,0.5674844720496894
greedy,slow,35,135.62561580963,12,12,2,2,2,3,10,6,12,5,0,22,1,35.0,70,True,0.7014285714285713
greedy,slow,36,124.24861642847827,12,12,2,2,2,3,10,6,12,5,0,23,1,36.0,70,True,0.6971428571428571
greedy,slow,34,130.35082063900197,12,12,2,2,2,3,10,6,15,5,0,21,1,34.0,70,True,0.7190336134453781
greedy,slow,40,105.43234875170386,12,12,2,1,2,3,10,6,15,4,0,27,1,40.0,70,True,0.5919642857142857
greedy,expert,20,127.99653830925735,12,12,2,2,2,6,6,8,6,4,0,8,0,20.0,70,True,0.737857142857143
greedy,expert,23,113.39424071523618,12,12,2,2,2,6,6,6,6,6,0,11,0,23.0,70,True,0.7234161490683231
greedy,expert,23,127.81682647582619,12,12,2,2,2,6,6,6,6,6,0,11,0,23.0,70,True,0.7234161490683231
greedy,expert,23,122.16216219852276,12,12,2,2,2,6,6,6,6,6,0,11,0,23.0,70,True,0.7234161490683231
greedy,expert,20,115.09805883881955,12,12,2,2,2,6,6,8,6,4,0,8,0,20.0,70,True,0.737857142857143
greedy,expert,20,130.28553713210198,12,12,2,2,2,6,6,8,6,4,0,8,0,20.0,70,True,0.737857142857143
greedy,expert,20,125.17901189134129,12,12,2,2,2,6,6,8,6,4,0,8,0,20.0,70,True,0.737857142857143
greedy,expert,20,134.1425417295456,12,12,2,2,2,6,6,8,6,4,0,8,0,20.0,70,True,0.737857142857143
greedy,expert,21,127.26773723108835,12,12,2,2,2,6,6,8,6,4,0,9,0,21.0,70,True,0.7328571428571429
greedy,expert,22,116.88827279593696,12,12,2,2,2,5,7,8,7,5,0,10,0,22.0,70,True,0.7348701298701299
greedy,expert,23,133.39571942960487,12,12,2,2,2,6,6,6,6,6,0,11,0,23.0,70,True,0.7234161490683231
greedy,expert,20,123.21477872261417,12,12,2,2,2,6,6,8,6,4,0,8,0,20.0,70,True,0.737857142857143
greedy,expert,20,127.1053296629067,12,12,2,2,2,6,6,8,6,4,0,8,0,20.0,70,True,0.737857142857143
greedy,expert,23,122.56622500593639,12,12,2,2,2,6,6,6,7,6,0,11,0,23.0,70,True,0.7299378881987577
greedy,expert,23,134.2786737965673,12,12,2,2,2,6,6,6,7,6,0,11,0,23.0,70,True,0.7299378881987577
greedy,expert,20,130.7739671748023,12,12,2,2,2,6,6,8,6,4,0,8,0,20.0,70,True,0.737857142857143
greedy,expert,20,123.54108711966462,12,12,2,2,2,6,6,8,6,4,0,8,0,20.0,70,True,0.737857142857143
greedy,expert,20,139.80258025137465,12,12,2,2,2,6,6,8,6,3,0,8,0,20.0,70,True,0.737857142857143
greedy,expert,23,131.36356741517017,12,12,2,2,2,6,6,6,6,6,0,11,0,23.0,70,True,0.7234161490683231
greedy,expert,20,124.60606739431367,12,12,2,2,2,6,6,8,6,4,0,8,0,20.0,70,True,0.737857142857143
greedy,expert,20,116.54988895349629,12,12,2,2,2,6,6,8,6,4,0,8,0,20.0,70,True,0.737857142857143
greedy,expert,20,128.25703661382528,12,12,2,2,2,6,6,8,6,3,0,8,0,20.0,70,True,0.737857142857143
greedy,expert,20,134.9316991333721,12,12,2,2,2,6,6,8,6,4,0,8,0,20.0,70,True,0.737857142857143
greedy,expert,20,140.14801098004864,12,12,2,2,2,6,6,8,6,3,0,8,0,20.0,70,True,0.737857142857143
greedy,expert,23,120.19863398673985,12,12,2,2,2,6,6,6,6,6,0,11,0,23.0,70,True,0.7234161490683231
greedy,expert,20,123.45843909596498,12,12,2,2,2,6,6,8,6,4,0,8,0,20.0,70,True,0.737857142857143
greedy,expert,20,123.4349984113321,12,12,2,2,2,6,6,8,6,4,0,8,0,20.0,70,True,0.737857142857143
greedy,expert,20,128.83692327231677,12,12,2,2,2,6,6,8,6,4,0,8,0,20.0,70,True,0.737857142857143
greedy,expert,23,127.12125769513491,12,12,2,2,2,6,6,6,6,6,0,11,0,23.0,70,True,0.7234161490683231
greedy,expert,20,124.75412253601012,12,12,2,2,2,6,6,8,6,4,0,8,0,20.0,70,True,0.737857142857143
greedy,expert,23,123.54809963111484,12,12,2,2,2,6,6,6,6,6,0,11,0,23.0,70,True,0.7234161490683231
greedy,expert,20,136.60231837618687,12,12,2,2,2,6,6,8,6,4,0,8,0,20.0,70,True,0.737857142857143
greedy,expert,23,129.83891324165216,12,12,2,2,2,6,6,6,6,6,0,11,0,23.0,70,True,0.7234161490683231
greedy,expert,20,139.4985480671089,12,12,2,2,2,6,6,8,6,4,0,8,0,20.0,70,True,0.737857142857143
greedy,expert,20,114.6188941207052,12,12,2,2,2,6,6,8,6,4,0,8,0,20.0,70,True,0.737857142857143
greedy,expert,23,128.85248244498055,12,12,2,2,2,6,6,6,6,6,0,11,0,23.0,70,True,0.7234161490683231
greedy,expert,21,131.541694935414,12,12,2,2,2,6,6,8,6,4,0,9,0,21.0,70,True,0.7328571428571429
greedy,expert,23,124.82943371063865,12,12,2,2,2,6,6,6,6,6,0,11,0,23.0,70,True,0.7234161490683231
greedy,expert,23,118.01599037083375,12,12,2,2,2,6,6,6,6,6,0,11,0,23.0,70,True,0.7234161490683231
greedy,expert,20,127.35224819109743,12,12,2,2,2,6,6,8,6,4,0,8,0,20.0,70,True,0.737857142857143
greedy,expert,20,134.69502040463826,12,12,2,2,2,6,6,8,6,4,0,8,0,20.0,70,True,0.737857142857143
greedy,expert,23,130.70766521370228,12,12,2,2,2,6,6,6,6,6,0,11,0,23.0,70,True,0.7234161490683231
greedy,expert,23,125.3113971389156,12,12,2,2,2,6,6,6,6,6,0,11,0,23.0,70,True,0.7234161490683231
greedy,expert,23,118.14446378722386,12,12,2,2,2,6,6,6,6,6,0,11,0,23.0,70,True,0.7234161490683231
greedy,expert,20,125.04844217225022,12,12,2,2,2,6,6,8,6,4,0,8,0,20.0,70,True,0.737857142857143
greedy,expert,23,126.4890052248393,12,12,2,2,2,6,6,6,6,6,0,11,0,23.0,70,True,0.7234161490683231
greedy,expert,20,134.2922230022798,12,12,2,2,2,6,6,8,6,4,0,8,0,20.0,70,True,0.737857142857143
greedy,expert,20,122.86808944460496,12,12,2,2,2,6,6,8,6,4,0,8,0,20.0,70,True,0.737857142857143
greedy,expert,23,127.09956045277775,12,12,2,2,2,6,6,6,6,6,0,11,0,23.0,70,True,0.7234161490683231
greedy,expert,23,131.3355253970908,12,12,2,2,2,6,6,6,6,6,0,11,0,23.0,70,True,0.7234161490683231
greedy,novice,70,56.27336098197067,7,12,1,1,2,2,7,4,16,0,0,61,1,70.0,70,False,0.33845238095238095
greedy,novice,70,48.8964379666709,7,12,1,1,2,2,7,4,16,0,0,61,1,70.0,70,False,0.33845238095238095
greedy,novice,70,49.70330838745581,7,12,1,1,2,2,7,4,16,0,0,61,1,70.0,70,False,0.33845238095238095
greedy,novice,70,50.4227833699129,7,12,1,1,2,2,7,4,16,0,0,61,1,70.0,70,False,0.33845238095238095
greedy,novice,70,51.03838648973115,7,12,1,1,2,2,7,4,16,0,0,61,1,70.0,70,False,0.33845238095238095
greedy,novice,46,112.46882759920037,12,12,2,1,2,2,11,4,16,5,0,33,1,46.0,70,True,0.5707453416149068
greedy,novice,38,127.52217344753058,12,12,2,2,2,2,11,4,14,5,0,25,1,38.0,70,True,0.6966917293233083
greedy,novice,70,58.02058285079223,7,12,1,1,2,2,7,4,16,0,0,61,1,70.0,70,False,0.33845238095238095
greedy,novice,70,61.40218329247914,7,12,1,1,2,2,7,4,16,0,0,61,1,70.0,70,False,0.33845238095238095
greedy,novice,70,54.644807063300654,7,12,1,1,2,2,7,4,16,0,0,61,1,70.0,70,False,0.33845238095238095
greedy,novice,50,102.62389744950245,12,12,2,1,2,2,11,4,16,5,0,37,1,50.0,70,True,0.5551428571428572
greedy,novice,70,57.44479995439717,7,12,1,1,2,2,7,4,16,0,0,61,1,70.0,70,False,0.33845238095238095
greedy,novice,70,60.73823517371307,7,12,1,1,2,2,7,4,16,0,0,61,1,70.0,70,False,0.33845238095238095
greedy,novice,38,99.09460365076602,12,12,2,1,2,3,11,6,15,4,0,24,2,38.0,70,True,0.6006390977443609
greedy,novice,70,51.54282278158734,7,12,1,1,2,2,7,4,16,0,0,61,1,70.0,70,False,0.33845238095238095
greedy,novice,70,54.72584746871742,7,12,1,1,2,2,7,4,16,0,0,61,1,70.0,70,False,0.33845238095238095
greedy,novice,70,63.735904538520025,10,12,1,1,2,2,10,4,16,3,0,58,1,70.0,70,False,0.42595238095238097
greedy,novice,70,54.60510362142267,7,12,1,1,2,2,7,4,16,0,0,61,1,70.0,70,False,0.33845238095238095
greedy,novice,38,104.0418808567093,12,12,2,1,2,3,11,6,15,4,0,24,2,38.0,70,True,0.6006390977443609
greedy,novice,70,52.917314042890254,7,12,1,1,2,2,7,4,16,0,0,61,1,70.0,70,False,0.33845238095238095
greedy,novice,70,53.813113497784045,7,12,1,1,2,2,7,4,16,0,0,61,1,70.0,70,False,0.33845238095238095
greedy,novice,70,42.24976792702908,7,12,1,1,2,2,7,4,16,0,0,61,1,70.0,70,False,0.33845238095238095
greedy,novice,70,60.26606213192602,7,12,1,1,2,2,7,4,16,0,0,61,1,70.0,70,False,0.33845238095238095
greedy,novice,70,56.605202114428295,7,12,1,1,2,2,7,4,16,0,0,61,1,70.0,70,False,0.33845238095238095
greedy,novice,70,51.454348613092264,7,12,1,1,2,2,7,4,16,0,0,61,1,70.0,70,False,0.33845238095238095
greedy,novice,70,58.88510852902761,7,12,1,1,2,2,7,4,16,0,0,61,1,70.0,70,False,0.33845238095238095
greedy,novice,70,58.189472334161586,7,12,1,1,2,2,7,4,16,0,0,61,1,70.0,70,False,0.33845238095238095
greedy,novice,70,54.74773292309565,7,12,1,1,2,2,7,4,16,0,0,61,1,70.0,70,False,0.33845238095238095
greedy,novice,70,50.82648385106034,7,12,1,1,2,2,7,4,16,0,0,61,1,70.0,70,False,0.33845238095238095
greedy,novice,70,109.21137151104962,12,12,2,1,2,2,11,4,16,5,0,57,1,70.0,70,True,0.4842857142857142
greedy,novice,70,43.68740491358112,7,12,1,1,2,2,7,4,16,0,0,61,1,70.0,70,False,0.33845238095238095
greedy,novice,70,59.94826821036688,7,12,1,1,2,2,7,4,16,0,0,61,1,70.0,70,False,0.33845238095238095
greedy,novice,70,44.79726727174968,7,12,1,1,2,2,7,4,16,0,0,61,1,70.0,70,False,0.33845238095238095
greedy,novice,70,56.059314814690254,7,12,1,1,2,2,7,4,16,0,0,61,1,70.0,70,False,0.33845238095238095
greedy,novice,41,117.75479113559314,12,12,2,2,2,2,11,4,16,5,0,28,1,41.0,70,True,0.6913937282229965
greedy,novice,41,113.50850233423088,12,12,2,1,2,3,10,6,22,2,0,28,1,41.0,70,True,0.6133449477351915
greedy,novice,38,132.84632880913932,12,12,2,2,2,3,11,6,12,6,0,24,2,38.0,70,True,0.688796992481203
greedy,novice,70,50.19331527929733,7,12,1,1,2,2,7,4,16,0,0,61,1,70.0,70,False,0.33845238095238095
greedy,novice,38,123.73095243168004,12,12,2,2,2,3,10,6,20,4,0,25,1,38.0,70,True,0.7203759398496241
greedy,novice,70,53.43478997475156,7,12,1,1,2,2,7,4,16,0,0,61,1,70.0,70,False,0.33845238095238095
greedy,novice,70,56.69211784612184,7,12,1,1,2,2,7,4,16,0,0,61,1,70.0,70,False,0.33845238095238095
greedy,novice,62,97.59092525630825,12,12,2,1,2,2,11,4,16,5,0,49,1,62.0,70,True,0.5115668202764977
greedy,novice,70,53.981263879975245,8,12,1,1,2,2,8,4,16,1,0,60,1,70.0,70,False,0.3676190476190476
greedy,novice,65,96.17357993435883,12,12,2,1,2,2,11,4,16,5,0,52,1,65.0,70,True,0.5012087912087912
greedy,novice,70,63.295239560037686,7,12,1,1,2,2,7,4,16,0,0,61,1,70.0,70,False,0.33845238095238095
greedy,novice,70,48.9718843697817,7,12,1,1,2,2,7,4,16,0,0,61,1,70.0,70,False,0.33845238095238095
greedy,novice,70,57.8343235863882,7,12,1,1,2,2,7,4,16,0,0,61,1,70.0,70,False,0.33845238095238095
greedy,novice,70,54.47051452823711,7,12,1,1,2,2,7,4,16,0,0,61,1,70.0,70,False,0.33845238095238095
greedy,novice,70,43.622169424586595,7,12,1,1,2,2,7,4,16,0,0,61,1,70.0,70,False,0.33845238095238095
greedy,novice,38,105.8410270212868,12,12,2,1,2,3,11,6,15,4,0,24,2,38.0,70,True,0.6006390977443609
greedy,tired,53,103.93876803907676,12,12,2,1,2,3,10,6,12,5,0,40,1,53.0,70,True,0.5325336927223719
greedy,tired,58,96.38917231905009,12,12,2,1,2,3,10,6,15,4,0,45,1,58.0,70,True,0.5230788177339901
greedy,tired,32,131.3836159877421,12,12,2,2,2,4,10,8,14,3,0,18,2,32.0,70,True,0.7241964285714286
greedy,tired,70,57.37296384395146,8,12,1,1,2,3,7,6,15,1,0,60,1,70.0,70,False,0.3654761904761904
greedy,tired,31,119.33078854136758,12,12,2,2,2,5,8,8,17,2,0,18,1,31.0,70,True,0.7436866359447005
greedy,tired,37,133.645537132102,12,12,2,2,2,2,10,4,16,5,0,25,0,37.0,70,True,0.7091505791505792
greedy,tired,35,126.3366953441341,12,12,2,2,2,3,10,6,12,5,0,22,1,35.0,70,True,0.7014285714285713
greedy,tired,38,134.66528681695493,12,12,2,2,2,3,11,6,12,6,0,24,2,38.0,70,True,0.688796992481203
greedy,tired,38,129.64943425869419,12,12,2,2,2,2,11,4,15,5,0,25,1,38.0,70,True,0.7006390977443608
greedy,tired,54,100.27979102428354,12,12,2,1,2,3,10,6,12,6,0,41,1,54.0,70,True,0.529047619047619
greedy,tired,55,100.94453430242822,12,12,2,1,2,3,10,6,15,4,0,42,1,55.0,70,True,0.5337662337662338
greedy,tired,38,124.66131968081852,12,12,2,2,2,2,11,4,13,6,0,25,1,38.0,70,True,0.6927443609022557
greedy,tired,35,128.2343395727529,12,12,2,2,2,3,10,6,12,5,0,22,1,35.0,70,True,0.7014285714285713
greedy,tired,32,125.68538578921785,12,12,2,2,2,4,10,8,14,3,0,18,2,32.0,70,True,0.7241964285714286
greedy,tired,70,68.75038031359773,10,12,1,1,2,2,9,4,16,2,0,59,0,70.0,70,False,0.42595238095238097
greedy,tired,39,105.6226824421696,12,12,2,1,2,3,10,6,12,5,0,26,1,39.0,70,True,0.5847252747252747
greedy,tired,38,124.18755352396705,12,12,2,2,2,3,11,6,12,5,0,24,2,38.0,70,True,0.688796992481203
greedy,tired,47,107.06322150110519,12,12,2,1,2,3,10,6,15,4,0,34,1,47.0,70,True,0.5635866261398176
greedy,tired,40,103.55063977732704,12,12,2,1,2,3,10,6,15,4,0,27,1,40.0,70,True,0.5919642857142857
greedy,tired,43,102.07604762306497,12,12,2,1,2,3,10,6,12,5,0,30,1,43.0,70,True,0.5690033222591362
greedy,tired,38,117.09164906289934,12,12,2,2,2,3,11,6,12,6,0,24,2,38.0,70,True,0.688796992481203
greedy,tired,35,131.6570366138253,12,12,2,2,2,2,10,4,16,4,0,23,0,35.0,70,True,0.7185714285714284
greedy,tired,37,136.27689128772465,12,12,2,2,2,3,10,6,12,5,0,24,1,37.0,70,True,0.692934362934363
greedy,tired,38,110.81757634238984,12,12,2,1,2,3,11,6,15,4,0,24,2,38.0,70,True,0.6006390977443609
greedy,tired,39,122.97863398673985,12,12,2,2,2,2,10,4,13,5,0,27,0,39.0,70,True,0.6885714285714286
greedy,tired,34,124.36960099909192,12,12,2,2,2,4,10,8,11,5,0,20,2,34.0,70,True,0.7013865546218487
greedy,tired,44,124.70022353535883,12,12,2,2,2,3,10,6,12,5,0,31,1,44.0,70,True,0.6651948051948051
greedy,tired,38,131.60231221629343,12,12,2,2,2,3,11,6,15,4,0,24,2,38.0,70,True,0.7006390977443608
greedy,tired,67,103.76626532625635,12,12,2,1,2,3,10,6,15,5,0,54,1,67.0,70,True,0.49215351812366737
greedy,tired,37,125.86703131753364,12,12,2,2,2,3,10,6,12,5,0,24,1,37.0,70,True,0.692934362934363
greedy,tired,59,92.54026035105267,12,12,2,1,2,3,10,6,15,4,0,46,1,59.0,70,True,0.5195641646489104
greedy,tired,40,110.8422173733005,12,12,2,1,2,3,10,6,12,5,0,27,1,40.0,70,True,0.5807142857142857
greedy,tired,38,99.3503295261443,12,12,2,1,2,3,11,6,15,4,0,24,2,38.0,70,True,0.6006390977443609
greedy,tired,38,110.19230586470444,12,12,2,1,2,3,11,6,15,4,0,24,2,38.0,70,True,0.6006390977443609
greedy,tired,37,115.86536022135232,12,12,2,2,2,3,10,6,12,5,0,24,1,37.0,70,True,0.692934362934363
greedy,tired,39,103.02122133827633,12,12,2,1,2,3,10,6,15,4,0,26,1,39.0,70,True,0.5962637362637363
greedy,tired,35,132.81870241085414,12,12,2,2,2,3,10,6,12,5,0,22,1,35.0,70,True,0.7014285714285713
greedy,tired,44,101.46686882028195,12,12,2,1,2,3,10,6,15,4,0,31,1,44.0,70,True,0.5754220779220779
greedy,tired,53,97.41345994190664,12,12,2,1,2,3,10,6,15,4,0,40,1,53.0,70,True,0.5410242587601078
greedy,tired,38,131.21019456726953,12,12,2,2,2,4,9,8,18,4,0,25,1,38.0,70,True,0.7124812030075187
greedy,tired,39,108.0472841980881,12,12,2,1,2,3,10,6,12,5,0,26,1,39.0,70,True,0.5847252747252747
greedy,tired,34,135.67049987742087,12,12,2,2,2,5,9,10,18,3,0,20,2,34.0,70,True,0.7322689075630251
greedy,tired,36,128.71488145336937,12,12,2,2,2,3,10,6,15,4,0,23,1,36.0,70,True,0.709642857142857
greedy,tired,47,103.28445840229111,12,12,2,1,2,3,10,6,15,4,0,34,1,47.0,70,True,0.5635866261398176
greedy,tired,38,126.39469512090655,12,12,2,2,2,3,11,6,12,5,0,24,2,38.0,70,True,0.688796992481203
greedy,tired,56,98.24470924186636,12,12,2,1,2,3,10,6,15,4,0,43,1,56.0,70,True,0.5301785714285714
greedy,tired,41,110.0434877878381,12,12,2,1,2,2,11,4,16,5,0,28,1,41.0,70,True,0.5913937282229965
greedy,tired,38,123.21645661555854,12,12,2,2,2,3,11,6,12,6,0,24,2,38.0,70,True,0.688796992481203
greedy,tired,65,91.32988484939958,12,12,2,1,2,3,10,6,15,4,0,52,1,65.0,70,True,0.4989010989010989
greedy,tired,38,109.13840433360474,12,12,2,1,2,3,10,6,15,5,0,25,1,38.0,70,True,0.6006390977443609
greedy,easy_first,32,131.65653830925734,12,12,2,2,2,3,9,6,15,3,0,20,0,32.0,70,True,0.7288839285714286
greedy,easy_first,31,116.23424071523617,12,12,2,2,2,3,9,6,12,4,0,19,0,31.0,70,True,0.7194930875576038
greedy,easy_first,29,132.09682647582622,12,12,2,2,2,4,8,8,14,2,0,17,0,29.0,70,True,0.7395566502463053
greedy,easy_first,32,126.18216219852278,12,12,2,2,2,3,9,6,15,4,0,20,0,32.0,70,True,0.7288839285714286
greedy,easy_first,31,118.77805883881958,12,12,2,2,2,3,9,6,15,3,0,19,0,31.0,70,True,0.7340092165898617
greedy,easy_first,27,133.54553713210197,12,12,2,2,2,5,7,9,13,2,0,15,0,27.0,70,True,0.745079365079365
greedy,easy_first,28,129.2190118913413,12,12,2,2,2,4,8,8,15,2,0,16,0,28.0,70,True,0.7503571428571427
greedy,easy_first,33,108.18726799959175,12,12,2,1,2,2,10,4,16,4,0,21,0,33.0,70,True,0.6284415584415584
greedy,easy_first,39,128.70773723108837,12,12,2,2,2,3,9,6,12,6,0,27,0,39.0,70,True,0.6847252747252748
greedy,easy_first,33,120.56827279593693,12,12,2,2,2,2,10,4,16,4,0,21,0,33.0,70,True,0.7284415584415584
greedy,easy_first,46,102.45046754031713,12,12,2,1,2,3,9,6,12,4,0,34,0,46.0,70,True,0.5577018633540373
greedy,easy_first,28,126.75477872261416,12,12,2,2,2,5,7,9,13,1,0,16,0,28.0,70,True,0.739642857142857
greedy,easy_first,26,130.6853296629067,12,12,2,2,2,5,7,10,13,1,0,14,0,26.0,70,True,0.7507142857142857
greedy,easy_first,33,124.9662250059364,12,12,2,2,2,3,9,6,12,4,0,21,0,33.0,70,True,0.7102597402597401
greedy,easy_first,32,136.69867379656728,12,12,2,2,2,3,9,6,12,4,0,20,0,32.0,70,True,0.7148214285714285
greedy,easy_first,28,134.81396717480231,12,12,2,2,2,4,8,8,15,2,0,16,0,28.0,70,True,0.7503571428571427
greedy,easy_first,30,127.54108711966462,12,12,2,2,2,3,9,6,15,2,0,18,0,30.0,70,True,0.7392857142857143
greedy,easy_first,35,109.5522782213102,12,12,2,1,2,3,9,6,12,4,0,23,0,35.0,70,True,0.6014285714285713
greedy,easy_first,30,134.22356741517018,12,12,2,2,2,3,9,6,12,4,0,18,0,30.0,70,True,0.7242857142857142
greedy,easy_first,30,128.20606739431366,12,12,2,2,2,4,8,8,14,2,0,18,0,30.0,70,True,0.7342857142857142
greedy,easy_first,27,119.8098889534963,12,12,2,2,2,5,7,9,13,2,0,15,0,27.0,70,True,0.745079365079365
greedy,easy_first,30,130.15703661382528,12,12,2,2,2,3,9,6,12,4,0,18,0,30.0,70,True,0.7242857142857142
greedy,easy_first,28,138.4716991333721,12,12,2,2,2,5,7,9,13,1,0,16,0,28.0,70,True,0.739642857142857
greedy,easy_first,30,113.12245147170927,12,12,2,1,2,3,9,6,15,2,0,18,0,30.0,70,True,0.6392857142857142
greedy,easy_first,34,122.97863398673985,12,12,2,2,2,3,9,6,12,4,0,22,0,34.0,70,True,0.7057983193277311
greedy,easy_first,28,126.99843909596498,12,12,2,2,2,5,7,9,13,1,0,16,0,28.0,70,True,0.739642857142857
greedy,easy_first,28,127.0749984113321,12,12,2,2,2,4,8,8,14,2,0,16,0,28.0,70,True,0.7449999999999999
greedy,easy_first,35,130.35735806912174,12,12,2,2,2,3,10,6,12,5,0,22,1,35.0,70,True,0.7014285714285713
greedy,easy_first,39,102.81120066485484,12,12,2,1,2,3,9,6,12,4,0,27,0,39.0,70,True,0.5847252747252747
greedy,easy_first,28,128.79412253601012,12,12,2,2,2,4,8,8,15,2,0,16,0,28.0,70,True,0.7503571428571427
greedy,easy_first,32,126.36809963111483,12,12,2,2,2,3,9,6,12,4,0,20,0,32.0,70,True,0.7148214285714285
greedy,easy_first,28,108.93447474143177,12,12,2,1,2,5,7,9,13,1,0,16,0,28.0,70,True,0.6396428571428571
greedy,easy_first,28,133.4389132416522,12,12,2,2,2,5,7,8,13,3,0,16,0,28.0,70,True,0.739642857142857
greedy,easy_first,28,143.5385480671089,12,12,2,2,2,4,8,8,15,2,0,16,0,28.0,70,True,0.7503571428571427
greedy,easy_first,35,115.75987130206136,12,12,2,2,2,3,10,6,12,5,0,22,1,35.0,70,True,0.7014285714285713
greedy,easy_first,38,102.50638173466635,12,12,2,1,2,3,9,6,12,4,0,26,0,38.0,70,True,0.588796992481203
greedy,easy_first,26,135.141694935414,12,12,2,2,2,5,7,10,13,1,0,14,0,26.0,70,True,0.7507142857142857
greedy,easy_first,34,128.90943371063867,12,12,2,2,2,2,10,4,16,5,0,22,0,34.0,70,True,0.7234453781512604
greedy,easy_first,36,120.75599037083373,12,12,2,2,2,3,9,6,12,4,0,24,0,36.0,70,True,0.6971428571428571
greedy,easy_first,28,130.59224819109744,12,12,2,2,2,5,7,9,13,2,0,16,0,28.0,70,True,0.739642857142857
greedy,easy_first,26,137.87502040463826,12,12,2,2,2,5,7,10,12,1,0,14,0,26.0,70,True,0.7449450549450549
greedy,easy_first,42,101.37181389542747,12,12,2,1,2,3,9,6,12,4,0,30,0,42.0,70,True,0.5728571428571428
greedy,easy_first,32,128.1313971389156,12,12,2,2,2,3,9,6,12,4,0,20,0,32.0,70,True,0.7148214285714285
greedy,easy_first,33,120.94446378722385,12,12,2,2,2,3,9,6,12,4,0,21,0,33.0,70,True,0.7102597402597401
greedy,easy_first,37,126.80844217225024,12,12,2,2,2,3,9,6,12,5,0,25,0,37.0,70,True,0.692934362934363
greedy,easy_first,39,101.2703482888433,12,12,2,1,2,3,9,6,12,4,0,27,0,39.0,70,True,0.5847252747252747
greedy,easy_first,28,138.3322230022798,12,12,2,2,2,4,8,8,15,2,0,16,0,28.0,70,True,0.7503571428571427
greedy,easy_first,30,126.86808944460495,12,12,2,2,2,3,9,6,15,2,0,18,0,30.0,70,True,0.7392857142857143
greedy,easy_first,30,130.05956045277773,12,12,2,2,2,4,8,6,13,5,0,18,0,30.0,70,True,0.7292857142857143
greedy,easy_first,35,134.0955253970908,12,12,2,2,2,3,9,6,12,4,0,23,0,35.0,70,True,0.7014285714285713
greedy,hard_first,26,131.57653830925733,12,12,2,2,2,5,7,8,13,1,0,14,0,26.0,70,True,0.7507142857142857
greedy,hard_first,27,115.41866722033285,12,12,2,2,2,5,8,10,10,2,0,14,1,27.0,70,True,0.7284126984126984
greedy,hard_first,26,131.75682647582622,12,12,2,2,2,5,7,8,13,2,0,14,0,26.0,70,True,0.7507142857142857
greedy,hard_first,29,125.04216219852277,12,12,2,2,2,3,9,6,12,4,0,17,0,29.0,70,True,0.7292118226600985
greedy,hard_first,26,117.27805883881956,12,12,2,2,2,5,7,8,11,3,0,14,0,26.0,70,True,0.7391758241758242
greedy,hard_first,31,129.89200556820117,12,12,2,2,2,4,9,8,8,6,0,18,1,31.0,70,True,0.7001382488479262
greedy,hard_first,26,128.35901189134128,12,12,2,2,2,5,7,8,12,1,0,14,0,26.0,70,True,0.7449450549450549
greedy,hard_first,28,136.68254172954562,12,12,2,2,2,5,7,8,12,3,0,16,0,28.0,70,True,0.7342857142857142
greedy,hard_first,29,128.40773723108833,12,12,2,2,2,3,9,6,10,5,0,17,0,29.0,70,True,0.7188669950738915
greedy,hard_first,26,118.90827279593695,12,12,2,2,2,5,7,8,10,2,0,14,0,26.0,70,True,0.7334065934065934
greedy,hard_first,26,136.53571942960488,12,12,2,2,2,5,7,9,11,2,0,14,0,26.0,70,True,0.7391758241758242
greedy,hard_first,26,125.29477872261417,12,12,2,2,2,5,7,8,10,2,0,14,0,26.0,70,True,0.7334065934065934
greedy,hard_first,28,128.9453296629067,12,12,2,2,2,5,7,10,11,4,0,16,0,28.0,70,True,0.7289285714285714
greedy,hard_first,27,124.9862250059364,12,12,2,2,2,4,8,8,11,3,0,15,0,27.0,70,True,0.7339682539682539
greedy,hard_first,27,135.62438232094777,12,12,2,2,2,5,8,10,10,3,0,14,1,27.0,70,True,0.7284126984126984
greedy,hard_first,26,132.2539671748023,12,12,2,2,2,5,7,8,10,4,0,14,0,26.0,70,True,0.7334065934065934
greedy,hard_first,30,124.64108711966462,12,12,2,2,2,3,9,6,10,5,0,18,0,30.0,70,True,0.7142857142857142
greedy,hard_first,27,141.56258025137467,12,12,2,2,2,5,7,10,10,2,0,15,0,27.0,70,True,0.7284126984126984
greedy,hard_first,26,134.20356741517017,12,12,2,2,2,5,7,9,11,3,0,14,0,26.0,70,True,0.7391758241758242
greedy,hard_first,26,126.68606739431365,12,12,2,2,2,5,7,8,10,2,0,14,0,26.0,70,True,0.7334065934065934
greedy,hard_first,26,116.92988895349629,12,12,2,2,2,4,8,8,8,5,0,14,0,26.0,70,True,0.7218681318681319
greedy,hard_first,27,129.7170366138253,12,12,2,2,2,5,7,10,10,3,0,15,0,27.0,70,True,0.7284126984126984
greedy,hard_first,26,136.7116991333721,12,12,2,2,2,5,7,8,10,3,0,14,0,26.0,70,True,0.7334065934065934
greedy,hard_first,28,142.38801098004862,12,12,2,2,2,5,7,8,12,3,0,16,0,28.0,70,True,0.7342857142857142
greedy,hard_first,26,123.33863398673986,12,12,2,2,2,4,8,8,11,2,0,14,0,26.0,70,True,0.7391758241758242
greedy,hard_first,26,125.23843909596498,12,12,2,2,2,5,7,8,10,3,0,14,0,26.0,70,True,0.7334065934065934
greedy,hard_first,27,124.49499841133209,12,12,2,2,2,4,8,8,9,4,0,15,0,27.0,70,True,0.7228571428571429
greedy,hard_first,28,132.47692327231675,12,12,2,2,2,4,8,8,14,2,0,16,0,28.0,70,True,0.7449999999999999
greedy,hard_first,24,130.30125769513492,12,12,2,2,2,5,7,10,11,2,0,12,0,24.0,70,True,0.7501785714285714
greedy,hard_first,29,127.27412253601011,12,12,2,2,2,5,7,8,12,3,0,17,0,29.0,70,True,0.7292118226600985
greedy,hard_first,26,126.38809963111484,12,12,2,2,2,5,7,9,11,3,0,14,0,26.0,70,True,0.7391758241758242
greedy,hard_first,26,138.68231837618686,12,12,2,2,2,5,7,8,10,2,0,14,0,26.0,70,True,0.7334065934065934
greedy,hard_first,29,132.71891324165216,12,12,2,2,2,3,9,6,12,4,0,17,0,29.0,70,True,0.7292118226600985
greedy,hard_first,26,140.8785480671089,12,12,2,2,2,5,7,8,9,3,0,14,0,26.0,70,True,0.7276373626373627
greedy,hard_first,29,117.93889412070521,12,12,2,2,2,4,8,8,14,3,0,17,0,29.0,70,True,0.7395566502463053
greedy,hard_first,29,131.63248244498055,12,12,2,2,2,4,8,8,11,3,0,17,0,29.0,70,True,0.724039408866995
greedy,hard_first,26,133.34169493541398,12,12,2,2,2,5,7,8,10,3,0,14,0,26.0,70,True,0.7334065934065934
greedy,hard_first,29,129.10943371063868,12,12,2,2,2,4,8,8,14,2,0,17,0,29.0,70,True,0.7395566502463053
greedy,hard_first,27,121.13599037083377,12,12,2,2,2,5,7,9,11,2,0,15,0,27.0,70,True,0.7339682539682539
greedy,hard_first,26,129.83224819109745,12,12,2,2,2,5,7,8,11,2,0,14,0,26.0,70,True,0.7391758241758242
greedy,hard_first,26,136.07502040463825,12,12,2,2,2,5,7,8,9,3,0,14,0,26.0,70,True,0.7276373626373627
greedy,hard_first,29,133.48766521370226,12,12,2,2,2,4,8,8,11,3,0,17,0,29.0,70,True,0.724039408866995
greedy,hard_first,26,128.45139713891558,12,12,2,2,2,5,7,9,11,2,0,14,0,26.0,70,True,0.7391758241758242
greedy,hard_first,28,120.94446378722387,12,12,2,2,2,4,8,8,11,3,0,16,0,28.0,70,True,0.7289285714285714
greedy,hard_first,26,127.82844217225022,12,12,2,2,2,5,7,8,11,1,0,14,0,26.0,70,True,0.7391758241758242
greedy,hard_first,27,129.60900522483934,12,12,2,2,2,5,7,9,11,2,0,15,0,27.0,70,True,0.7339682539682539
greedy,hard_first,26,136.37222300227978,12,12,2,2,2,5,7,8,10,2,0,14,0,26.0,70,True,0.7334065934065934
greedy,hard_first,28,124.70808944460495,12,12,2,2,2,5,7,10,11,4,0,16,0,28.0,70,True,0.7289285714285714
greedy,hard_first,28,130.99956045277776,12,12,2,2,2,5,7,8,13,2,0,16,0,28.0,70,True,0.739642857142857
greedy,hard_first,29,134.11552539709083,12,12,2,2,2,4,8,8,11,3,0,17,0,29.0,70,True,0.724039408866995
greedy,hesitant,35,129.79653830925733,12,12,2,2,2,3,10,6,12,5,0,22,1,35.0,70,True,0.7014285714285713
greedy,hesitant,32,117.41424071523616,12,12,2,2,2,3,10,6,15,4,0,19,1,32.0,70,True,0.7288839285714286
greedy,hesitant,32,131.7368264758262,12,12,2,2,2,4,10,8,14,3,0,18,2,32.0,70,True,0.7241964285714286
greedy,hesitant,32,126.08216219852278,12,12,2,2,2,4,10,8,14,3,0,18,2,32.0,70,True,0.7241964285714286
greedy,hesitant,37,116.85805883881955,12,12,2,2,2,3,10,6,12,5,0,24,1,37.0,70,True,0.692934362934363
greedy,hesitant,34,132.005537132102,12,12,2,2,2,4,10,8,11,4,0,20,2,34.0,70,True,0.7013865546218487
greedy,hesitant,34,126.89901189134127,12,12,2,2,2,4,10,8,11,4,0,20,2,34.0,70,True,0.7013865546218487
greedy,hesitant,34,135.96254172954562,12,12,2,2,2,3,10,6,12,5,0,21,1,34.0,70,True,0.7057983193277311
greedy,hesitant,36,128.76773723108835,12,12,2,2,2,3,10,6,12,6,0,23,1,36.0,70,True,0.6971428571428571
greedy,hesitant,34,118.54827279593695,12,12,2,2,2,4,10,8,11,4,0,20,2,34.0,70,True,0.7013865546218487
greedy,hesitant,32,137.31571942960488,12,12,2,2,2,4,10,8,14,3,0,18,2,32.0,70,True,0.7241964285714286
greedy,hesitant,35,125.01477872261415,12,12,2,2,2,3,10,6,12,5,0,22,1,35.0,70,True,0.7014285714285713
greedy,hesitant,34,128.8253296629067,12,12,2,2,2,4,10,8,11,4,0,20,2,34.0,70,True,0.7013865546218487
greedy,hesitant,32,125.7862250059364,12,12,2,2,2,4,10,8,14,4,0,18,2,32.0,70,True,0.7241964285714286
greedy,hesitant,33,137.57867379656727,12,12,2,2,2,3,10,6,15,5,0,20,1,33.0,70,True,0.7238961038961038
greedy,hesitant,34,132.4939671748023,12,12,2,2,2,4,10,8,11,4,0,20,2,34.0,70,True,0.7013865546218487
greedy,hesitant,37,125.3010871196646,12,12,2,2,2,3,10,6,12,5,0,24,1,37.0,70,True,0.692934362934363
greedy,hesitant,32,142.56258025137467,12,12,2,2,2,3,10,6,15,5,0,19,1,32.0,70,True,0.7288839285714286
greedy,hesitant,32,135.28356741517018,12,12,2,2,2,4,10,8,14,3,0,18,2,32.0,70,True,0.7241964285714286
greedy,hesitant,34,126.32606739431364,12,12,2,2,2,4,10,8,11,4,0,20,2,34.0,70,True,0.7013865546218487
greedy,hesitant,34,118.26988895349629,12,12,2,2,2,4,10,8,11,4,0,20,2,34.0,70,True,0.7013865546218487
greedy,hesitant,32,130.9170366138253,12,12,2,2,2,4,10,8,14,4,0,18,2,32.0,70,True,0.7241964285714286
greedy,hesitant,34,136.65169913337212,12,12,2,2,2,4,10,8,11,4,0,20,2,34.0,70,True,0.7013865546218487
greedy,hesitant,35,110.86245937108878,12,12,2,1,2,3,10,6,12,5,0,22,1,35.0,70,True,0.6014285714285713
greedy,hesitant,32,123.81863398673988,12,12,2,2,2,4,10,8,14,4,0,18,2,32.0,70,True,0.7241964285714286
greedy,hesitant,34,125.27843909596496,12,12,2,2,2,3,10,6,12,5,0,21,1,34.0,70,True,0.7057983193277311
greedy,hesitant,34,125.15499841133209,12,12,2,2,2,4,10,8,11,4,0,20,2,34.0,70,True,0.7013865546218487
greedy,hesitant,35,130.63692327231675,12,12,2,2,2,3,10,6,12,5,0,22,1,35.0,70,True,0.7014285714285713
greedy,hesitant,32,130.74125769513492,12,12,2,2,2,4,10,8,14,4,0,18,2,32.0,70,True,0.7241964285714286
greedy,hesitant,35,126.55412253601013,12,12,2,2,2,3,10,6,12,5,0,22,1,35.0,70,True,0.7014285714285713
greedy,hesitant,32,127.46809963111482,12,12,2,2,2,4,10,8,14,3,0,18,2,32.0,70,True,0.7241964285714286
greedy,hesitant,34,138.4223183761869,12,12,2,2,2,3,10,6,12,5,0,21,1,34.0,70,True,0.7057983193277311
greedy,hesitant,32,133.55891324165216,12,12,2,2,2,3,10,6,15,5,0,19,1,32.0,70,True,0.7288839285714286
greedy,hesitant,34,110.48796008351606,12,12,2,1,2,4,10,8,11,4,0,20,2,34.0,70,True,0.6013865546218488
greedy,hesitant,37,116.37889412070518,12,12,2,2,2,3,10,6,12,5,0,24,1,37.0,70,True,0.692934362934363
greedy,hesitant,34,132.53248244498056,12,12,2,2,2,3,10,6,15,5,0,21,1,34.0,70,True,0.7190336134453781
greedy,hesitant,34,133.281694935414,12,12,2,2,2,4,10,8,11,4,0,20,2,34.0,70,True,0.7013865546218487
greedy,hesitant,34,128.80943371063867,12,12,2,2,2,3,10,6,15,4,0,21,1,34.0,70,True,0.7190336134453781
greedy,hesitant,32,121.63599037083377,12,12,2,2,2,4,10,8,14,4,0,18,2,32.0,70,True,0.7241964285714286
greedy,hesitant,34,129.07224819109743,12,12,2,2,2,4,10,8,11,4,0,20,2,34.0,70,True,0.7013865546218487
greedy,hesitant,34,136.41502040463826,12,12,2,2,2,4,10,8,11,4,0,20,2,34.0,70,True,0.7013865546218487
greedy,hesitant,32,134.62766521370227,12,12,2,2,2,4,10,8,14,3,0,18,2,32.0,70,True,0.7241964285714286
greedy,hesitant,32,129.0313971389156,12,12,2,2,2,3,10,6,15,5,0,19,1,32.0,70,True,0.7288839285714286
greedy,hesitant,37,121.76446378722386,12,12,2,2,2,3,10,6,15,5,0,24,1,37.0,70,True,0.7050965250965251
greedy,hesitant,37,126.50844217225023,12,12,2,2,2,3,10,6,12,6,0,24,1,37.0,70,True,0.692934362934363
greedy,hesitant,32,130.10900522483934,12,12,2,2,2,4,10,8,14,4,0,18,2,32.0,70,True,0.7241964285714286
greedy,hesitant,35,136.0922230022798,12,12,2,2,2,3,10,6,12,5,0,22,1,35.0,70,True,0.7014285714285713
greedy,hesitant,34,124.58808944460495,12,12,2,2,2,4,10,8,11,4,0,20,2,34.0,70,True,0.7013865546218487
greedy,hesitant,32,130.81956045277775,12,12,2,2,2,3,10,6,15,5,0,19,1,32.0,70,True,0.7288839285714286
greedy,hesitant,32,135.05552539709083,12,12,2,2,2,3,10,6,15,5,0,19,1,32.0,70,True,0.7288839285714286
greedy,erratic,44,105.35510365787147,12,12,2,1,2,3,10,6,12,5,0,31,1,44.0,70,True,0.5651948051948051
greedy,erratic,33,118.01988572892479,12,12,2,2,2,4,9,6,17,3,0,20,1,33.0,70,True,0.7329870129870129
greedy,erratic,31,131.07080659836947,12,12,2,2,2,4,9,8,14,4,0,18,1,31.0,70,True,0.7291705069124423
greedy,erratic,64,102.60255506825227,12,12,2,1,2,3,10,6,15,4,0,51,1,64.0,70,True,0.5022991071428571
greedy,erratic,31,116.71575545588503,12,12,2,2,2,4,9,8,13,5,0,18,1,31.0,70,True,0.724331797235023
greedy,erratic,70,48.0437108893424,8,12,1,1,2,2,7,4,16,0,0,61,0,70.0,70,False,0.3676190476190476
greedy,erratic,35,102.9951294017869,12,12,2,1,2,3,9,6,15,3,0,23,0,35.0,70,True,0.6142857142857142
greedy,erratic,70,55.145817376239506,8,12,1,1,2,2,7,4,16,0,0,61,0,70.0,70,False,0.3676190476190476
greedy,erratic,49,97.87194257560424,12,12,2,1,2,2,10,4,16,4,0,37,0,49.0,70,True,0.5589795918367346
greedy,erratic,70,50.70536363206479,8,12,1,1,2,2,7,4,16,0,0,61,0,70.0,70,False,0.3676190476190476
greedy,erratic,53,101.46526602731508,12,12,2,1,2,3,10,6,15,4,0,40,1,53.0,70,True,0.5410242587601078
greedy,erratic,38,123.63646309863003,12,12,2,2,2,3,11,6,12,6,0,24,2,38.0,70,True,0.688796992481203
greedy,erratic,30,129.7053296629067,12,12,2,2,2,4,8,8,13,4,0,18,0,30.0,70,True,0.7292857142857143
greedy,erratic,30,125.722184601896,12,12,2,2,2,4,9,8,14,3,0,17,1,30.0,70,True,0.7342857142857142
greedy,erratic,40,104.89367911642454,12,12,2,1,2,2,10,4,13,5,0,28,0,40.0,70,True,0.5844642857142858
greedy,erratic,32,134.83396717480232,12,12,2,2,2,3,9,6,16,3,0,20,0,32.0,70,True,0.7335714285714285
greedy,erratic,53,101.58136249065382,12,12,2,1,2,2,10,4,16,4,0,41,0,53.0,70,True,0.5438544474393531
greedy,erratic,31,142.59801689151038,12,12,2,2,2,4,9,8,15,3,0,18,1,31.0,70,True,0.7340092165898617
greedy,erratic,34,104.94631867506097,12,12,2,1,2,3,10,6,15,4,0,21,1,34.0,70,True,0.6190336134453781
greedy,erratic,42,102.10957359772843,12,12,2,1,2,3,10,6,12,5,0,29,1,42.0,70,True,0.5728571428571428
greedy,erratic,42,99.45761434036979,12,12,2,1,2,1,11,2,17,5,0,30,0,42.0,70,True,0.5907142857142857
greedy,erratic,35,96.81608666193547,12,12,2,1,2,3,10,6,12,4,0,22,1,35.0,70,True,0.6014285714285713
greedy,erratic,38,136.13304435449498,12,12,2,2,2,3,10,6,12,5,0,25,1,38.0,70,True,0.688796992481203
greedy,erratic,59,105.63823880822973,12,12,2,1,2,2,10,4,16,4,0,47,0,59.0,70,True,0.5221065375302663
greedy,erratic,36,123.03863398673985,12,12,2,2,2,2,10,4,13,5,0,24,0,36.0,70,True,0.7013095238095237
greedy,erratic,34,124.87612386932769,12,12,2,2,2,3,10,6,12,5,0,21,1,34.0,70,True,0.7057983193277311
greedy,erratic,36,124.82570287076001,12,12,2,2,2,3,10,6,12,5,0,23,1,36.0,70,True,0.6971428571428571
greedy,erratic,31,133.91288286827637,12,12,2,2,2,5,8,10,18,1,0,18,1,31.0,70,True,0.7485253456221197
greedy,erratic,35,131.40791300301598,12,12,2,2,2,3,10,6,18,5,0,22,1,35.0,70,True,0.7271428571428571
greedy,erratic,30,99.58714457866324,12,12,2,1,2,3,9,6,15,2,0,18,0,30.0,70,True,0.6392857142857142
greedy,erratic,32,127.86809963111486,12,12,2,2,2,3,9,6,15,3,0,20,0,32.0,70,True,0.7288839285714286
greedy,erratic,40,110.48932631570426,12,12,2,1,2,3,10,6,12,6,0,27,1,40.0,70,True,0.5807142857142857
greedy,erratic,38,99.14506815271355,12,12,2,1,2,3,11,6,15,4,0,24,2,38.0,70,True,0.6006390977443609
greedy,erratic,34,113.4361377362257,12,12,2,1,2,4,9,8,20,3,0,21,1,34.0,70,True,0.6410924369747899
greedy,erratic,35,115.53732178176608,12,12,2,2,2,3,10,6,12,6,0,22,1,35.0,70,True,0.7014285714285713
greedy,erratic,33,132.38469740918367,12,12,2,2,2,3,10,6,15,4,0,20,1,33.0,70,True,0.7238961038961038
greedy,erratic,40,132.21023626326252,12,12,2,2,2,4,9,8,11,5,0,27,1,40.0,70,True,0.6769642857142857
greedy,erratic,34,129.54633531015963,12,12,2,2,2,5,9,8,18,2,0,20,2,34.0,70,True,0.7322689075630251
greedy,erratic,38,120.71599037083372,12,12,2,2,2,3,9,6,12,4,0,26,0,38.0,70,True,0.688796992481203
greedy,erratic,70,65.69408723939618,11,12,1,1,2,2,9,4,16,3,0,59,0,70.0,70,False,0.45511904761904753
greedy,erratic,34,139.41502040463826,12,12,2,2,2,3,9,6,17,2,0,22,0,34.0,70,True,0.7278571428571428
greedy,erratic,35,104.90945017826247,12,12,2,1,2,3,10,6,18,4,0,22,1,35.0,70,True,0.6271428571428571
greedy,erratic,33,128.67600664162092,12,12,2,2,2,3,10,6,15,4,0,20,1,33.0,70,True,0.7238961038961038
greedy,erratic,44,98.32338343244552,12,12,2,1,2,2,10,4,13,5,0,32,0,44.0,70,True,0.5686038961038961
greedy,erratic,38,126.30804750359228,12,12,2,2,2,3,11,6,12,5,0,24,2,38.0,70,True,0.688796992481203
greedy,erratic,64,106.77944869283573,12,12,2,1,2,2,10,4,16,4,0,52,0,64.0,70,True,0.5046428571428571
greedy,erratic,41,109.98429030300427,12,12,2,1,2,2,11,4,16,5,0,28,1,41.0,70,True,0.5913937282229965
greedy,erratic,38,124.20404904056453,12,12,2,2,2,3,10,6,12,5,0,25,1,38.0,70,True,0.688796992481203
greedy,erratic,70,65.76393749678151,8,12,1,1,2,3,7,6,15,0,0,60,1,70.0,70,False,0.3654761904761904
greedy,erratic,40,104.7300435473915,12,12,2,1,2,3,9,6,12,4,0,28,0,40.0,70,True,0.5807142857142857
